Gloss,Portuguese_KOR,Korlai,Portuguese_DAM,Daman,Portuguese_DIU,Diu,Portuguese_SRL,Sri Lanka PT,Portuguese_KAN,Kannur,Portuguese_MAL,Malacca,Portuguese_MAC,Macau,Portuguese_TB,Tugu/Batavia,Portuguese_STG,Santiago CV,Portuguese_SAT,SantoAntão CV,Portuguese_SVC,SãoVicente CV,Portuguese_FOG,Fogo CV,Portuguese_BRV,Brava CV,Portuguese_STM,Santome,Portuguese_FDB,Fá d'Ambô,Portuguese_PRC,Principense,Portuguese_ANG,Angolar,Portuguese_GUI,Guinea Bissau,Portuguese_CAS,Casamancese,Iberian_PAP,Papiamento,Spanish_PAL,Palenquero,Spanish_CAV,CaviteChabacano,Spanish_TER,TernateChabacano,Spanish_ZAM,ZamboangaChabacano,French_KAR,Karipuna,French_LOU,Louisiana,French_GUY,Guianese,French_HAI,Haitian,French_GUA,Guadeloupean,French_MAR,Martinican,French_SLU,SaintLucian,French_MAU,Mauritian,French_REU,Réunionese,French_SEY,Seychellois
all,todu,tud,todu,tud,todu,tud,todu,tudu,todu,tudə,todu,tudu,todu,tudu,todu,tudu,tudu,tudu,todu,tud,todu,tudu,todu,tudu,todu,tudu,tudu,tudu,tudu,tudu,tudu,tudu,tudu,tudu,todu,tudu,todu,tudu,tudu,tuɾ,toðo,too,toðu,todu,toðu,todu,toðu,todu,tu,tut,tu,tu,tu,tut,tu,tu,tu,tut,tu,tut,tu,tut,tu,tu,tu,tu,tu,tu
and,i,ani,i,ku,i,ku,i,kum,i,kum,i,ku,i,e,,dan,kõ,ku,i,i,i,i,kõ,ku,kõ,ku,kõ,i,,a,i,i,i,ki,i,ɛ,i,i,i,i,i,i,i,i,i,i,i,i,e,ke,e,e,e,ke,e,e,avɛk,ɛk,avɛk,ɛk,avɛk,avɛk,avɛk,ek,e,,e,e
animal,ɐnimal,animal,ɐnimal,animal,ɐnimal,animal,ɐnimal,animaal,ɐnimal,animal,ɐnimal,animal,bitʃu,bitʃu,bitʃu,animal,bitʃu,bitʃu,bitʃu,bitʃ,ɐnimaɫ,ɐnimal,ɐlimaɾjɐ,limaɾjɐ,ɐlimaɾjɐ,limaɾjɐ,bitʃu,bisu,ɐlimaɾjɐ,limaja,ɐnimal,nimalɪ,ɐnimal,biθu,ɐlimaɾjɐ,limaɾia,ɐlimaɾjɐ,limariɟa,animal,animal,animal,,animal,animal,animal,animal,animal,animal,bɛt,bɛt,bɛt,betaj,bɛt,bɛt,bɛt,bɛt,bɛt,bɛt,bɛt,bet,dezanimo,zãnimo,dezanimo,zanimo,dezanimo,,dezanimo,zãnimo
ashes,sĩzɐ,sints,sĩzɐ,sĩz,sĩzɐ,sĩz,sĩzɐ,siinza,sĩzɐ,sinzə,sĩzɐ,sinza,sĩzɐ,,sĩzɐ,sindʒa,sĩzɐ,sĩsɐ,sĩzɐ,sĩz,sĩzɐ,sĩzɐ,sĩzɐ,sĩza,sĩzɐ,sĩza,sĩzɐ,ʃĩdʒa,sĩzɐ,ʃĩzɐ,sĩzɐ,ʃize,sĩzɐ,xĩdʒa,sĩzɐ,sĩsa,sĩzɐ,sĩsa,senisa,ʃiniʃa,senisa,,senisa,sinisa,senisa,sinisa,senisa,sinisa,sɑ̃dʀ,san,lasɑ̃dʀ,lasãn,sɑ̃dʀ,san,sɑ̃dʀ,sã,sɑ̃dʀ,sãn,sɑ̃dʀ,sãn,sɑ̃dʀ,sãn,lasɑ̃dʀ,lasan,sɑ̃dʀ,sã,lasɑ̃dʀ,lasã
at,nɐ,nə,nɐ,nə,pɛɾtudi,pɛɾtdə,dẽtɾu,ntu,dẽtɾu,,nɐ,na,nɐ,na,nɐ,,nɐ,nɐ,nɐ,nɐ,nɐ,nɐ,nɐ,nɐ,nɐ,nɐ,nɐ,ni,nɐ,ɛ̃,nɐ,na,nɐ,ni,nɐ,,nɐ,,nɐ,na,en,,en,na,en,na,en,na,la,la,la,a,la,la,la,a,a,a,paʀkote,pakote,a,a,la,a,la,,kote,kot
back,kɔstɐs,kɔs,kɔstɐs,kɔs,kɔstɐs,kɔs,kɔstɐs,kɔɔsta,kɔstɐs,kɔstə,kɔstɐs,kosta,kɔstɐs,kosta,kɔstɐs,kosta,kɔstɐs,kɔstɐ,kɔʃtɐʃ,kɔʃtɐ,kɔʃtɐʃ,kɔʃtɐ,kɔstɐs,kostɐ,kɔstɐs,kostɐ,ɐtɾaʃ,tlaʃi,lõbɐ,lɔ̃ba,ɐtɾaʃ,taːʃi,ɐtɾaʃ,nθusi,kɔstɐs,kosta,kɔstɐs,kosta,lõbɐ,lomba,espalda,,espalda,ispalda,tɾas,tɾas,atɾas,atɾas,do,do,lɑ̃vɛʀ,lanvɛɾ,do,do,do,dɔ,do,do,do,do,do,do,lədo,ledo,lədo,,lədo,ledo
bad,maw,maw,maw,maw,maw,mal,maw,maal,maw,mizəɾal,maw,mal,maw,maw,maw,mal,maw,mɔw,mal,mal,maw,maw,maw,maw,maw,maw,maw,ma,maw,maw,rwĩ,rwĩ,,buuku,maw,maw,maw,fedi,malu,malu,malo,malo,malu,malu,malu,malu,malu,mal,mal,mal,movɛ,move,mal,mal,movɛ,move,movɛ,move,movɛ,move,movɛ,move,movɛ,move,movɛ,,movɛ,movɛ
bark,aɾβorisuɐkaskɐ,albsukas,kaskɐ,kas,kaskɐ,kask,,paaʈa,aɾβorisuɐpɛli,ælvəɾisəpæli,kaskɐ,kaska,kaskɐ,,kaskɐ,kaski,kaskɐ,kaskɐ,kaʃkɐ,kaʃkɐ,ʀɐmu,ʀom,rɐmu,ɾamu,kaskɐdipaw,kaskɐdipo,kaskɐ,kaʃika,kaskɐ,xɔxa,,ukpaka,kaskɐ,kaʃka,kaʃkɐ,kaʃkɐ,kaʃkɐ,,kaska,kaska,koɾtesa,,koɾtesa,,koɾtesa,,koɾtesa,,lapo,lapo,lekɔʀs,lekɔrʃ,lapo,lapo,ekɔʀs,ekɔs,lapopjebwa,lapopjebwa,lapopjebwa,lapopjebwa,lapo,lapo,lekɔʀs,lekoɣs,po,po,lekɔʀs,lekɔɔs
because,,kaɾən,puɾke,puɾke,puɾke,pəɾke,,kiipasee,,swidə,kawzɐ,kawzu,pɾɐmɔdu,pɾamoɾdi,,akabida,pɾɐmɔdu,pɐmɔdi,puɾke,pke,puɾkɨ,puɾke,pɾɐmɔdu,pɐmɔdi,pɾɐmɔdu,pɐmɔdi,puɾke,pluke,puɾke,pɔke,puɾke,poke,,kõtuma,,pɐbiɐ,,pabiɟa,komo,komo,poɾke,pokke,poɾke,puɾkasa,kawsa,kasi,kawsa,kaj,paʀskə,pase,paʀskə,paɾske,paʀskə,paske,paʀskə,paskɛ,,padavɣe,paʀskə,pas,paʀskə,pas,lakoz,akoz,paʀskə,pask,akoz,akoz
belly,bɐrigɐ,bʰaɾig,bɐrigɐ,baɾig,bɐrigɐ,baɾig,bɐrigɐ,baɾiija,bɐrigɐ,baʀigə,bɐrigɐ,bariga,bɐrigɐ,bariga,bɐrigɐ,baɾiga,bɐrigɐ,bɐɾigɐ,bɐʀigɐ,beʀig,bɐʀigɐ,beʀigɐ,bɐrigɐ,bɐɾigɐ,bɐrigɐ,baɾigɐ,bɐrigɐ,bɛgɐ,bɐrigɐ,bɛga,bɐrigɐ,bwɛgɐ,bɐrigɐ,bɛgɐ,bɐrigɐ,bariga,bɐrigɐ,bariga,bariga,baɾika,bariga,baɾika,bariga,bariga,bariga,bahɾiga,bariga,bahɾiga,vɑ̃tʀ,van,vɑ̃tʀ,vãnt,vɑ̃tʀ,vãt,vɑ̃tʀ,vãt,budɛ̃,budɛ̃,budɛ̃,budɛ̃,budɛ̃,budɛ̃,vɑ̃tʀ,vãt,vɑ̃tʀ,vãt,vɑ̃tʀ,vãt
big,gɾɐ̃di,gɾan,gɾɐ̃di,gɾan,gɾɐ̃di,gɾan,gɾɐ̃di,gɾaandi,gɾɐ̃di,gɾandi,gɾɐ̃di,grandi,gɾɐ̃di,gɾa̜ndi,gɾɐ̃di,gɾandi,gɾɐ̃di,gɾɐ̃di,gɾɐ̃dɨ,gɾãŋd,gɾɐ̃dɨ,gɾãd,gɾɐ̃di,gɾãdi,gɾɐ̃di,gɾãdi,gɾɐ̃di,godo,gɾɐ̃di,ŋaandʒi,gɾɐ̃di,gani,gɾɐ̃di,ŋaj,gɾɐ̃dɨ,gaɾandɪ,gɾɐ̃dɨ,gaɾandi,gɾandi,gɾandi,gɾande,ngande,gɾandi,gɾandi,gɾandi,gɾandi,gɾandi,gɾandi,ɡʀo,gho,ɡʀɑ̃,gɾã,ɡʀɑ̃,gʁã,ɡʀɑ̃,gɣã,ɡʀɑ̃,gɣã,ɡʀɑ̃,gɣã,ɡʀɑ̃,gwo,ɡʀɑ̃,gɣã,ɡʀo,gʀo,ɡʀɑ̃,gɣã
bird,pasɐɾu,pas,pasɐɾu,pasaɾiɲ,pasɐɾiɲu,pasaɾiŋ,pasɐɾu,paastɾu,pasɐɾu,pastɾə,pasɐɾu,pastu,pasɐɾu,pastɾu,pasɐɾu,pastəɾ,pasɐɾu,pasu,pasɐɾu,pɔs,pasɐɾu,pɔs,pasɐɾu,pasu,pasɐɾu,pasu,bitʃudazɐ,bisudaza,pasɐɾu,paatu,pasɐɾu,pasu,,situ,pasɐɾu,pastru,pasɐɾu,pastur,paxaɾu,paɾa,paxaɾo,pahaɾo,paxaɾu,paharu,paxaɾu,paharu,paxaɾu,paharu,dezwazo,zozo,wazo,zwazo,dezwazo,zozo,lezwɛzo,zwezo,lezwɛzo,zwezo,lezwɛzo,zwezo,ʒibje,ʒibje,lezwazo,zozo,lezwazo,zwazo,lezwazo,zozo
bite,muɾdeɾ,muɾde,muɾdeɾ,muɾde,muɾdeɾ,muɾde,muɾdeɾ,muɾda,muɾdeɾ,muɾdɛ,muɾdeɾ,mudre,,katʃi,moɾdeɾ,moɾdi,moɾdeɾ,moɾdi,muɾdeɾ,moɾde,muɾdeɾ,moɾde,moɾdeɾ,moɾde,moɾdeɾ,moɾde,moɾdeɾ,mode,moɾdeɾ,mũda,moɾdeɾ,mode,moɾdeɾ,mode,muɾdeɾ,murdɪ,muɾdeɾ,moɾde,moɾdeɾ,moɾde,moɾðeɾ,,moɾðeɾ,muldi,moɾðeɾ,moɾde,moɾðeɾ,muɻde,mɔʀdʀ,mɔde,mɔʀdʀ,mɔɾd,mɔʀdʀ,mode,mɔʀdʀ,mɔde,mɔʀdʀ,mɔd,mɔʀdʀ,mode,mɔʀdʀ,mɔde,mɔʀdʀ,moɣde,mɔʀdʀ,mɔɔde,mɔʀdʀ,mɔɔd
black,pɾetu,pɾet,pɾetu,pɾet,pɾetu,pɾet,pɾetu,pɾɛɛtu,pɾetu,pɾetə,pɾetu,pretu,pɾetu,pɾetu,pɾetu,pɾetu,pɾetu,pɾɛtu,pɾetu,pɾet,pɾetu,pɾet,pɾetu,pɾetu,pɾetu,pɾetu,pɾetu,plɛtu,pɾetu,pɛɛtu,pɾetu,pɛɛtu,pɾetu,pɛɛtu,pɾetu,pɾɛtu,pɾetu,pretu,pɾetu,pɾetu,pɾjetu,pɾjeto,negɾu,negɾu,pɾjetu,pɾjetu,negɾu,negɾu,nwɛʀ,nwɛ,nwaʀ,nwaɾ,nwɛʀ,nwɛ,nwaʀ,nwa,nwaʀ,nwɛ,nwaʀ,nwɛ,nwaʀ,nwɛ,nwaʀ,nwaɣ,nwaʀ,nwaa,nwaʀ,nwaa
blood,sɐ̃ɡi,sajŋ,sɐ̃ɡi,sajŋ,sɐ̃ɡi,saŋ,sɐ̃ɡi,saangi,sɐ̃ɡi,sangi,sɐ̃ɡi,saŋgi,sɐ̃ɡi,sangui,sɐ̃ɡi,saŋgi,sɐ̃ɡi,sɐ̃gi,sɐ̃ɡɨ,sẽŋg,sɐ̃ɡɨ,sãg,sɐ̃ɡi,sãgi,sɐ̃ɡi,sãgi,sɐ̃ɡi,sɐ̃gi,sɐ̃ɡi,sɐ̃gi,sɐ̃ɡi,sɐ̃gɪ,sɐ̃ɡi,θɐ̃gɪ,sɐ̃ɡɨ,sangui,sɐ̃ɡɨ,,saŋgɾi,saŋəɾ,,pola,saŋgɾi,saŋgɾi,saŋgɾi,saŋgɾi,saŋgɾi,saŋgɾi,dysɑ̃,dʒisã,sɑ̃,sã,dysɑ̃,disã,sɑ̃,sã,sɑ̃,sã,sɑ̃,sã,sɑ̃,sã,dysɑ̃,disã,sɑ̃,sã,dysɑ̃,ɟisã
blow,supɾaɾ,supɾa,supɾaɾ,supɾa,ɐsupɾaɾ,asupɾa,supɾaɾ,sufɾaa,supɾaɾ,supɾa,supɾaɾ,sufra,supɾaɾ,supɾa̹,supɾaɾ,supɾa,supɾaɾ,sɔpɾɐ,supɾaɾ,sopɾa,supɾaɾ,sopɾa,supɾaɾ,sopɾɐ,supɾaɾ,sopɾɐ,sopɾaɾ,sɔpla,,fofo,sopɾaɾ,sɔpa,sopɾaɾ,θɔpa,supɾaɾ,supra,supɾaɾ,supra,soplaɾ,supla,soplaɾ,,soplaɾ,,soplaɾ,supla,soplaɾ,supla,sufle,sufle,sufle,sufle,sufle,sufle,sufle,sufle,sufle,sufle,sufle,sufle,sufle,sufle,sufle,sufle,sufle,,sufle,sufle
bone,osu,os,osu,os,osu,os,osu,oosu,osu,osə,osu,osu,osu,,osu,osu,osu,osu,osu,os,osu,os,osu,osu,osu,osu,osu,ɔsɔ,osu,ɔsɔ,osu,ɔsu,osu,ɔsɔ,osu,ɔs,osu,wos,wesu,wesu,weso,,wesu,wesu,wesu,wesu,wesu,wesu,dezɔs,zo,dezɔs,dezo,ɔs,,dezɔs,zo,dezɔs,zo,dezɔs,zo,dezɔs,zo,lezɔs,lezo,lezɔs,zo,lezɔs,lezo
breast,pejtu,pejt,pejtu,pet,pejtu,pet,pejtu,peetu,pejtu,petə,pejtu,petu,pejtu,,pejtu,mama,pejtu,petu,pejtu,,pejtu,,pejtu,mamɐ,pejtu,,pejtu,petu,pejtu,,pejtu,pɛna,pejtu,,pejtu,pitu,pejtu,pitu,petʃu,petʃu,petʃo,,petʃu,petʃu,petʃu,petʃu,petʃu,petʃu,pwatʀin,pothin,sɛ̃,sɛ̃,pwatʀin,potʁin,pwatʀin,,tɛt,tete,tɛt,tete,tɛt,tete,tɛt,tete,tɛt,tete,tɛt,tete
breathe,,suskaɾtuma,respiɾaɾ,ɾeʃpɾa,respiɾaɾ,,respiɾaɾ,,respiɾaɾ,,puʃaɾbafu,pusabafu,puʃaɾbafu,,puʃaɾbafu,,daɾfolegu,da folgu,ʀɨʃpiɾaɾ,,ʀɨʃpiɾaɾ,,daɾfolegu,,daɾfolegu,,daɾfolegu,,daɾfolegu,,daɾfolegu,,daɾfolegu,,rɨʃpiɾaɾ,rɨʃpiɾɐ,rɨʃpiɾaɾ,,respiɾaɾ,ɾespiɾa,respiɾaɾ,,respiɾaɾ,ɾisulja,respiɾaɾ,risulja,respiɾaɾ,,ʀɛspiʀe,,ʀɛspiʀe,ɾɛspiɾe,ʀɛspiʀe,,sufle,sufle,ʀɛspiʀe,ɣespiɣe,ʀɛspiʀe,ɣespiɣe,ʀɛspiʀe,wespiwe,ʀɛspiʀe,ɣespiɣe,ʀɛspiʀe,,ʀɛspiʀe,ɣespiɣe
burn,kejmaɾ,kima,kejmaɾ,kima,kejmaɾ,kima,kejmaɾ,kimaa,kejmaɾ,kima,kejmaɾ,kema,kejmaɾ,kima̹,kejmaɾ,kima,kejmaɾ,kemɐ,,psi,kejmaɾ,kema,kejmaɾ,kemɐ,kejmaɾ,kemɐ,kejmaɾ,kɛma,kejmaɾ,kama,kejmaɾ,kɛma,kejmaɾ,kɛma,kejmaɾ,kɛmɐ,kejmaɾ,,kejmaɾ,kima,kemaɾ,,kemaɾ,kima,kemaɾ,kema,kemaɾ,kima,bʀyle,bule,bʀyle,bɾule,bʀyle,bule,bʀyle,bule,bʀyle,bɣile,bʀyle,bɣile,bʀyle,bwile,bʀyle,bɣile,bʀyle,bʀile,bʀyle,bɣile
child,kɾiɐ̃sɐ,kɾijãs,kɾiɐ̃sɐ,kɾijãs,kɾiɐ̃sɐ,kɾiãs,kɾiɐ̃sɐ,kɾijansa,kɾiɐ̃sɐ,kɾijansə,kɾiɐ̃sɐ,krensa,kɾiɐ̃sɐ,kjansa,fiʎu,filu,mininu,mininu,mɨninu,mnin,mɨninu,mnin,mininu,mininu,mininu,mininu,ɐ̃ʒu,ɐ̃zu,ɐ̃ʒu,ɐ̃nzu,ɐ̃ʒu,ɐ̃zu,ɐ̃ʒu,ɐ̃ðu,mɨninu,mininu,ɐ̃ʒu,aɲɟu,mutʃatʃu,mutʃa,,mona,kɾiatuɾa,kɾatuɾa,kɾiatuɾa,kɾijatuɾa,kɾiatuɾa,anak,pətimɔ̃d,tʃimun,pəti,piti,pəti,piti,pətimɔ̃d,timun,,cimamaj,,cimãmaj,,mãmaj,lezɑ̃fɑ̃,zãfã,lezɑ̃fɑ̃,zãfã,pəti,pici
cloud,,ɖʰəg,nuβẽ,nuʋ,nuβẽ,nuʋ,nuβẽs,nooʋis,,mekham,nuβẽs,nubis,nuβẽs,,nuβẽs,nuves,nɛβwɐ,nɛbwɐ,nuvẽ,neva,nuvẽ,nuvẽ,nuβẽ,nuvi,nuβẽ,nubẽ,nuβẽ,novi,nuβẽ,novi,nuβẽ,novi,,mbɔsi,nuβẽ,nuvẽ,nuβẽs,nubis,nuβi,nubia,nuβe,nube,nuβi,nubi,,ulan,nuβi,,nɥaʒ,nwaʒ,nɥaʒ,nuaʒ,nɥaʒ,nijaʒ,nɥaʒ,nwaʒ,nɥaʒ,nijaʒ,nɥaʒ,nijaʒ,nɥaʒ,nwaʒ,nɥaʒ,ɲaz,nɥaʒ,njaz,nɥaʒ,njaz
cold,fɾiw,fɾiw,fɾiw,fɾi,fɾiw,fɾi,fɾiw,fɾiiju,fɾiw,fɾiw,fɾiw,friw,fɾiw,fɾiw,fɾiw,fɾiw,fɾiw,fɾiw,fɾiw,fɾi,fɾiw,fɾiw,fɾiw,fɾiw,fɾiw,fɾiw,fɾiw,fjo,fɾiw,fiu,fɾiw,fjo,fɾiw,fio,fɾiw,fɾiw,fɾiw,fɾiw,fɾiw,fɾiw,fɾio,,fɾiw,pɾiju,fɾiw,pɾiju,fɾiw,pɾiw,fʀwɛ,fwɛ,fʀwɛ,fɾe,fʀwɛ,fʁɛ,fʀwɛ,fwɛt,fʀwɛ,fwɛt,fʀwɛ,fwɛt,fʀwɛ,fwɛt,fʀwɛ,fɣe,fʀwɛ,fʀe,fʀwɛ,fɣe
come,βiɾ,ʋi,βiɾ,ʋi,βiɾ,ʋi,βiɾ,ʋii,βiɾ,ʋi,βiɾ,beŋ,βiɾ,veŋ,βiɾ,bi,βẽ,bẽ,vẽ,ben,viɾ,bẽ,βẽ,bẽ,βẽ,bẽ,βiɾ,bi,βiɾ,bi,βiɾka,vika,βiɾka,bi,βẽ,bĩŋ,βẽ,beŋ,beniɾ,bini,beniɾ,mini,beniɾ,beni,beniɾ,bini,ʎeɣaɾ,liga,vəniʀ,vin,vəniʀ,vini,vəniʀ,vini,vəniʀ,vin,vəniʀ,vini,vəniʀ,vini,vəniʀ,vini,vəniʀ,vini,vəniʀ,vnii,vəniʀ,vini
correct,diɾejtu,dɾɛtuɾ,diɾejtu,dɾet,diɾejtu,dɾet,diɾejtu,dɾetu,diɾejtu,,diɾejtu,retu,ʒustu,ʒustu,diɾejtu,dɾetu,sɛɾtu,sɛɾtu,diɾejtu,dɾet,diɾejtu,dɾetu,direjtu,dɾetu,direjtu,dɾetu,sɛɾtu,sɛtu,sɛɾtu,,sɛɾtu,,sɛɾtu,,diɾejtu,sɛɾtu,diɾejtu,,korectu,koɾekto,korecto,,xustu,hustu,,tupaw,xustu,hustu,ʒyst,ʒis,kɔʀɛkt,koɾɛk,ʒyst,ʒist,ʀezɔ̃,ɣezõ,kɔʀɛkt,koɣɛk,kɔʀɛkt,koɣek,kɔʀɛkt,kɔwek,ʀɛzɔ̃,ɣezõ,ʀɛzɔ̃,,kɔʀɛkt,koɣek
count,kõtaɾ,kota,kõtaɾ,konta,kõtaɾ,kõta,kõtaɾ,kontaa,kõtaɾ,konte,kõtaɾ,konta,kõtaɾ,konta̹,kõtaɾ,,kõtaɾ,kõtɐ,kõtaɾ,kõnta,kõtaɾ,kõta,kõtaɾ,kõta,kõtaɾ,kõta,kõtaɾ,kõta,kõtaɾ,xɔ̃ta,kõtaɾ,kõta,kõtaɾ,kɔ̃ta,kõtaɾ,kontɐ,kõtaɾ,konte,kontaɾ,konta,kontaɾ,ngwenda,kontaɾ,kunta,kontaɾ,konta,kontaɾ,kunta,kɔ̃te,kõnt,kɔ̃te,kõte,kɔ̃te,kõnte,kɔ̃te,kõte,kɔ̃te,kɔ̃te,kɔ̃te,kɔ̃te,kɔ̃te,kɔ̃te,kɔ̃te,kõte,kɔ̃te,,kɔ̃te,kɔ̃te
cut,koɾtaɾ,koɾta,koɾtaɾ,koɾta,koɾtaɾ,koɾta,koɾtaɾ,koɾtaa,koɾtaɾ,kɔɾta,koɾtaɾ,korta,koɾtaɾ,koɾta̜,,ɾapa,koɾtaɾ,koɾtɐ,kuɾtaɾ,koɾta,kuɾtaɾ,koɾta,koɾtaɾ,koɾta,koɾtaɾ,koɾta,koɾtaɾ,kɔta,koɾtaɾ,kuuta,koɾtaɾ,kɔta,koɾtaɾ,kɔta,koɾtaɾ,kɔrtɐ,koɾtaɾ,korta,koɾtaɾ,kɔɾta,koɾtaɾ,kotta,koɾtaɾ,kulta,koɾtaɾ,koɾta,koɾtaɾ,kuɻta,kupe,kupe,kupe,kupe,kupe,kupe,kupe,kupe,kupe,kupe,kupe,kupe,kupe,kupe,kupe,kupe,kupe,,kupe,kupe
day,diɐ,di,diɐ,di,diɐ,di,diɐ,diija,diɐ,dijə,diɐ,dia,diɐ,dja,diɐ,dia,diɐ,diɐ,diɐ,diɐ,diɐ,diɐ,diɐ,dia,diɐ,dia,diɐ,dʒa,diɐ,dʒja,diɐ,dja,diɐ,dja,diɐ,diɐ,diɐ,diɟa,dia,dia,dia,ɾia,dia,dia,dia,dija,dia,dia,ʒuʀ,ʒu,ʒuʀ,ʒuɾ,ʒuʀ,ʒu,ʒuʀ,ʒu,laʒuʀne,laʒunɛ̃,laʒuʀne,laʒunɛ̃,ʒuʀ,ʒu,ləʒuʀ,lizuɣ,ʒuʀ,zuuʀ,ləʒuʀ,lizuu
die,mureɾ,mhuɾe,mɐtaɾ,mata,mureɾ,muɾe,mureɾ,muɾa,mureɾ,muʀe,mureɾ,mure,mureɾ,more,mureɾ,moɾe,mureɾ,mɔɾi,muʀeɾ,mʀe,muʀeɾ,moʀe,mureɾ,moɾe,mureɾ,moɾe,mureɾ,mole,mureɾ,mole,mureɾ,mwe,mureɾ,mwe,mureɾ,murɪ,mureɾ,more,moɾiɾ,muɾi,moɾiɾ,moɾi,moɾiɾ,muɾi,moɾiɾ,muɾi,moɾiɾ,muɾi,muʀiʀ,muhi,muʀiʀ,muɾi,muʀiʀ,muʁi,muʀiʀ,muɣi,mɔʀ,mɔ,mɔʀ,mɔ,mɔʀ,mɔ,mɔʀ,moɣ,mɔʀ,mɔɔ,mɔʀ,mɔɔ
dig,kɐβaɾ,kaʋa,kɐβaɾ,kaʋa,fɐzeɾbuɾaku,fazebuɾak,fẽdeɾ,kindee,,gəʋətə,,kore,koreɾ,,,gabuɾta,kɐβaɾ,kɔbɐ,kɐvaɾ,kɐva,kɐvaɾ,kava,kɐβaɾ,koba,kɐβaɾ,koba,kɐβaɾ,kɔbɔ,,gɔlɔ,kɐβaɾ,kava,,vina,kɐβaɾ,kɔbɐ,kɐβaɾ,koba,kaβaɾ,koba,kaβaɾ,,,aseukaj,,asepala,kaβaɾ,,fuje,fuje,fuje,fuje,fuje,fuje,fuje,fuje,fuje,fuje,fuje,fuje,fuje,fuje,fuje,fuje,fuje,,fuje,fuje
dirty,suʒu,sudʒ,suʒu,sudʒ,suʒu,sudʒ,suʒu,sudʒo,suʒu,sudʒi,suʒu,suzu,suʒu,suzu,suʒu,sudʒu,suʒu,ʃuʃu,suʒu,ʃuʃ,suʒu,ʃuʒ,suʒu,suʒu,suʒu,suʒu,suʒu,suzu,suʒu,sũzu,suʒu,suzu,suʒu,θuðu,suʒu,susu,suʒu,susu,susju,suʃi,susjo,,susju,susju,susju,susju,susju,masusju,sal,sal,sal,sal,sal,sal,sal,sal,sal,sal,sal,sal,sal,sal,sal,sal,sal,,sal,sal
dog,kɐ̃w̃,kãw,kɐ̃w̃,kãw,kɐ̃w̃,kãw,kɐtʃoru,katʃoɾu,kɐtʃoru,katʃoɾ,kɐtʃoru,katʃoru,kɐtʃoru,katʃo̹ɾu,kɐtʃoru,katʃoɾ,kɐtʃoru,kɐtʃɔɾ,kɐtʃoru,kotʃoɾ,kɐtʃoru,kɐtʃɔʀ,kɐtʃoru,katʃo,kɐtʃoru,katʃoɾ,kɐtʃoru,kaso,kɐtʃoru,xasooloo,kɐtʃoru,kaso,kɐtʃoru,kaθo,kɐtʃoru,kɐtʃoɾ,kɐtʃoru,kacor,katʃoru,katʃo,pero,peɾo,peru,peru,peru,pehru,peru,peʰru,ʃjɛ̃,ʃɛ̃,ʃjɛ̃,ʃjẽ,ʃjɛ̃,ʃjẽ,ʃjɛ̃,ʃẽ,ʃjɛ̃,ʃjɛ̃,ʃjɛ̃,ʃjɛ̃,ʃjɛ̃,ʃjɛ̃,ləʃjɛ̃,lisjẽ,ʃjɛ̃,sjɛ̃,ləʃjɛ̃,lisjɛ̃
drink,bebeɾ,bebe,bebeɾ,bebe,bebeɾ,bebe,bebeɾ,beʋa,bebeɾ,bebe,bebeɾ,bebe,bebeɾ,bebe,bebeɾ,bebi,bebeɾ,bebi,bɨbeɾ,bebe,bɨbeɾ,bibe,bebeɾ,bebe,bebeɾ,bebe,bebeɾ,bebe,bebeɾ,bɛɛbɛɛ,bebeɾ,bebe,bebeɾ,bebe,bɨbidɐ,bibidɐ,bebeɾ,bebe,bebeɾ,bebe,beβeɾ,,tomaɾ,tuma,tomaɾ,bebe,tomaɾ,tuma,bwɑʀ,bwɛ,bwɑʀ,bwa,bwɑʀ,bwɛ,bwɑʀ,bwɛ,bwɑʀ,bwɛ,bwɑʀ,bwɛ,bwɑʀ,bwɛ,bwɑʀ,bwaɣ,bwɑʀ,bwaa,bwɑʀ,bwaa
dry,seku,sek,seku,sek,seku,sek,seku,sɛɛku,seku,sækə,seku,seku,seku,seku,seku,seku,seku,sɛku,seku,sɛk,seku,sek,seku,sɛku,seku,seku,seku,seku,seku,seku,seku,seku,seku,θɛku,seku,sɛku,seku,seku,seku,seku,seko,,seku,seku,seku,seku,seku,seku,sɛk,sɛk,sɛk,sɛk,sɛk,sɛk,sɛʃ,ʃɛʃ,sɛʃ,sɛk,sɛʃ,sɛk,sɛʃ,sɛk,sɛk,sek,sɛk,sɛk,sɛk,sek
dull,botu,bʰoʈəl,botu,buntu,botu,,,bɾɔm,ɐgudɐnɐ̃w̃tẽ,agudənutɛ̃,ɐgudɐnɐ̃w̃tẽ,,ɐgudɐnɐ̃w̃tẽ,,ɐgudɐnɐ̃w̃tẽ,,sɛgu,sɛgu,sɛgu,sɛg,sɛgu,sɛg,sɛgu,sɛgu,sɛgu,sɛgu,ɐgudɐnõtẽ,,ɐgudɐnõtẽ,,ɐgudɐnõtẽ,,ɐgudɐnõtẽ,,botu,,botu,,botu,bɔt,romo,,noagudo,noagudo,,pulpul,,dumpul,ʀɔ̃,hõ,ebʀeʃe,bɾeʃe,ʀɔ̃di,,pafile,pafile,pafile,,pafile,,pafile,pafile,pakupbjɛ̃,pakupbjẽ,pakupbjɛ̃,,pakupbjɛ̃,
dust,,ɾʰen,puejrɐ,pujẽɾ,puejrɐ,,pɔ,pɔ,,baɾə,pɔ,po,pɔ,,pɔ,po,pɔ,pɔ,pɔ,po,pɔ,pɔ,pwejɾɐ,pweɾɐ,pwejɾɐ,pweɾɐ,upɔ,ɔpɔ,upɔ,ɔpɔ,upɔ,ɔpɔ,upɔ,ɔ̃pɔ,pwejrɐ,puɛɾɐ,pwejrɐ,,,stɔf,polβo,,polβu,polbos,,alikabok,polβu,polbus,lapusjɛʀ,lapusje,pudʀ,pud,lapusjɛʀ,lapusjɛ,pusjɛʀ,pusiɛ,pusjɛʀ,pusjɛ,pusjɛʀ,pusjɛ,lapusjɛʀ,lapusie,lapusjɛʀ,lapusjeɣ,pudʀ,pud,lapusjɛʀ,lapusjɛɛ
ear,owβidu,oʋid,oɾeʎɐ,oɾeʎ,owβidu,uʋid,oɾɐʎɐ,oɾeeja,owβidu,uʋid,owβidu,ubida,oɾɐʎɐ,oɾeʎa,oɾɐʎɐ,oɾela,oɾɐʎɐ,oɾɛdʒɐ,uɾeʎɐ,oɾeɐ,uɾeʎɐ,oɾeɐ,oɾɐʎɐ,oɾidʒɐ,oɾɐʎɐ,oɾedʒɐ,oɾɐʎɐ,ɔʎa,oɾɐʎɐ,ɔlɛa,oɾɐʎɐ,urja,oɾɐʎɐ,ɔlja,oɾeʎɐ,oredʒɐ,oɾeʎɐ,woreɟa,oɾexa,oɾea,oɾexa,oleha,oɾexa,uɾehas,oɾexa,uɾehas,oɾexa,uɾehas,lezɔʀɛj,zohɛ,lezɔʀɛj,zɔɾɛj,lezɔʀɛj,zɔʁɛj,lezɔʀɛj,zoɣɛj,lezɔʀɛj,zoɣɛj,lezɔʀɛj,zoɣɛj,lezɔʀɛj,zɔwɛj,lezɔʀɛj,zoɣej,lezɔʀɛj,zɔʀɛj,lezɔʀɛj,zoɣej
earth,tɛrɐ,tɛɾ,tɛrɐ,tɛɾ,tɛrɐ,tɛɾ,tɛrɐ,tɛɛɾa,,baɾə,tɛrɐ,tera,tɛrɐ,tɛra,tɛrɐ,baɾ,tɛrɐ,tɛɾɐ,tɛʀɐ,tɛʀɐ,tɛʀɐ,tɛʀɐ,tɛrɐ,tɛɾɐ,tɛrɐ,tɛɾɐ,tɛrɐ,tɛlɐ,tɛrɐ,tɛla,tɛrɐ,tɛ,tʃõ,tʃja,tʃõ,tʃõ,tʃõ,coŋ,tɛrɐ,teɾa,tjera,tjela,tjera,tjera,tjera,tjehra,tjera,tjeʰra,latɛʀ,latɛ,tɛʀ,tɛɾ,tɛʀ,tɛʁ,latɛʀ,latɛ,latɛʀ,latɛ,latɛʀ,latɛ,latɛʀ,latɛ,latɛʀ,lateɣ,tɛʀ,tɛɛ,latɛʀ,latɛɛ
eat,kumeɾ,kume,kumeɾ,kume,kumeɾ,kume,kumeɾ,kuma,kumeɾ,kumɛ,kumeɾ,kumi,kumeɾ,kome,kumeɾ,komi,kumeɾ,kume,kumeɾ,kme,kumeɾ,kme,kumeɾ,kume,kumeɾ,kume,kumeɾ,kumɛ,kumeɾ,kumi,kumeɾ,kumɛ,kumeɾ,mɛ,kumeɾ,kumɛ,kumeɾ,kume,komeɾ,kome,komeɾ,kume,komeɾ,kumi,komeɾ,kume,komeɾ,kume,mɑ̃ʒe,mãʒe,mɑ̃ʒe,mãʒe,mɑ̃ʒe,mãʒe,mɑ̃ʒe,mãʒe,mɑ̃ʒe,mãʒe,mɑ̃ʒe,mãʒe,mɑ̃ʒe,mãʒe,mɑ̃ʒe,mãze,mɑ̃ʒe,mãze,mɑ̃ʒe,mãze
egg,oβu,ob,oβu,oʋ,oβu,oʋ,oβu,ooʋ,oβu,oʋə,oβu,obu,oβu,ovu,oβu,obu,oβu,ɔbu,ovu,ov,ovu,ov,oβu,obu,oβu,obu,oβu,ɔvu,oβu,ɔvu,oβu,ɔvu,oβu,ɔvu,oβu,ovu,oβu,wobu,weβu,webu,weβo,gwebo,weβu,webus,weβu,webu,weβu,webus,dezœf,dʒize,dezœf,dezɛf,dezœf,dize,dezœf,ze,dezœf,ze,dezœf,ze,dezœf,ze,dezœf,dizef,dezœf,zef,dezœf,ɟizef
eye,oʎu,ol,oʎu,oʎ,oʎu,ojl,oʎu,ooj,oʎu,oj,oʎu,olu,oʎu,o̹lu,oʎu,olo,oʎu,odʒu,oʎu,oj,oʎu,oj,oʎu,odʒu,oʎu,odʒu,oʎu,we,oʎu,we,oʎu,we,oʎu,we,oʎu,udʒu,oʎu,wuɟu,oʎu,wowo,oxo,oho,oxu,ohus,oxu,ohus,oxu,ohus,œj,wej,lezœj,zje,œj,wej,lezœj,ʒe,lezœj,zje,lezœj,zje,lezœj,zje,lezœj,lizie,lezœj,zje,lezœj,lizje
fall,kɐiɾ,kai,kɐiɾ,kai,kɐiɾ,kai,kɐiɾ,kaj,kɐiɾ,kaj,kɐiɾ,kaj,kɐiɾ,kaj,kɐiɾ,kaj,kɐiɾ,kɐi,kɐiɾ,kej,kɐiɾ,kei,kɐiɾ,kai,kɐiɾ,kai,kɐiɾ,kje,kɐiɾ,kae,kɐiɾ,kje,kɐiɾ,kje,kɐiɾ,kaj,kɐiɾ,kaɟ,kɐiɾ,kaj,kaeɾ,kai,kaeɾ,kaj,kaeɾ,kaji,kaeɾ,kaj,tɔ̃be,tɔ̃be,tɔ̃be,tõbe,tɔ̃be,tõbe,tɔ̃be,tõbe,tɔ̃be,tɔ̃be,tɔ̃be,tɔ̃be,tɔ̃be,tɔ̃be,tɔ̃be,tõbe,tɔ̃be,tõbe,tɔ̃be,tɔ̃m
far,lõʒi,lɔ̃j,lõʒi,lõj,lõʒi,lõj,lõʒi,lɔɔndʒi,lõʒi,lɔndʒi,lõʒi,lonzi,lõʒi,,lõʒi,londʒi,lõʒi,lõʒi,ɫõʒɨ,lõŋʒ,ɫõʒɨ,lõʒ,lõʒi,lõʒi,lõʒi,lõʒi,lõʒi,lõdʒi,lõʒi,lõdʒi,lõʒi,lõʒi,lõʒi,lõdʒi,lõgu,loɲu,lõgu,loŋɟi,lexus,lew,lexos,lexo,lexus,lehus,lexus,lehus,lexus,lehus,lwɛ̃,lweŋ,lwɛ̃,lwẽ,lwɛ̃,lwẽ,lwɛ̃,lwẽ,lwɛ̃,lwɛ̃,lwɛ̃,lwɛ̃,lwɛ̃,lwɛ̃,lwɛ̃,lwẽ,lwɛ̃,lwɛ̃,lwɛ̃,lwɛ̃
fat,guɾduɾɐ,,guɾduɾɐ,goɾduɾ,guɾduɾɐ,,guɾduɾɐ,guɾduɾa,guɾduɾɐ,,goɾduɾɐ,godura,goɾduɾɐ,goɾdura,goɾdu,goɾdu,goɾduɾɐ,guɾduɾɐ,guɾduɾɐ,guɾduɾɐ,guɾduɾɐ,guɾduɾɐ,goɾduɾɐ,goɾduɾɐ,goɾduɾɐ,guɾduɾɐ,goɾdu,godo,goɾduɾɐ,gɔdula,goɾdu,gudurɐ,goɾdu,godulɐ,guɾduɾɐ,guɾduɾɐ,guɾduɾɐ,baɲ,sebu,sebu,gɾasa,,gɾasa,gɾasa,gɾasa,gɾasa,gɾasa,guɻduɾa,ɡʀɛs,ghɛs,ɡʀa,gɾa,ɡʀɛs,ɡʁɛs,ɡʀɛs,ɡɣɛs,ɡʀa,gɣa,ɡʀa,gɣa,ɡʀɛs,gwɛs,laɡʀɛs,lagɣes,laɡʀɛs,gʀɛs,laɡʀɛs,lagɣes
father,paj,paj,paj,paj,paj,paj,paj,paaj,paj,paj,paj,paj,paj,paj,paj,paj,paj,pɐj,paj,pɛ,paj,paj,paj,paj,paj,paj,pɐpa,papa,pɐpa,papa,pɐpa,papa,,tata,pɐpa,pape,pɐpa,papɛ,,tata,,tata,,tata,,tata,,tata,papa,papa,papa,papa,papa,papa,papa,papa,papa,papa,papa,papa,papa,papa,papa,papa,papa,papa,papa,papa
fear,medu,med,medu,med,medu,,medu,mejdo,medu,,medu,midu,,tɛfitɛfi,,,medu,medu,medu,mɛd,medu,med,medu,medɐ,medu,medu,medu,mɛ̃du,medu,mɛ̃du,medu,mɛ̃du,medu,mɛ̃du,medu,medu,medu,,tjenimjedu,tinmiedu,temeɾ,,temeɾ,,aseɾmjeðu,asemjedu,temeɾ,,pœʀ,pɛ,pœʀ,pɛɾ,pœʀ,pɛ,pœʀ,pɛ,pœʀ,pɛ,pœʀ,pɛ,pœʀ,kwɛ̃t,pœʀ,peɣ,pœʀ,,pœʀ,pɛɛ
feather,penɐ,pɛn,penɐ,pɛn,penɐ,pɛn,penɐ,pɛɛna,penɐ,pænə,penɐ,pena,penɐ,pena,kɐbelupasaɾu,kabelupastəɾ,penɐ,pɛna,penɐ,pena,penɐ,penɐ,penɐ,pɛnɐ,penɐ,penɐ,penɐ,pɛnɐ,penɐ,pɛna,penɐ,penɐ,penɐ,penɐ,penɐ,,penɐ,,pluma,pluma,pluma,,pluma,pluma,pluma,,pluma,pluma,plym,plim,plym,plumã,plym,plim,plym,plim,plym,plim,plym,plim,plym,plim,plym,plim,plym,plim,plym,laplim
few,powku,pok,powku,pok,powku,pok,powku,poku,powku,pok,ũpowku,mpoku,ũpowku,,ũpowku,,powku,poku,powku,pok,powku,pok,powku,poku,powku,poku,powku,,powku,,powku,,powku,,powku,poku,ũbokadu,mbokadu,poko,poko,poko,poko,poku,poku,poku,poku,poku,poku,pətimɔʀso,tʃimoso,pø,pɛ,pətimɔʀso,timoso,kɛlk,kɛk,,cibwɛ̃,,cibɣɛ̃,pø,pe,paboku,pabuku,paboku,ɛ̃pe,pø,pe
fight,lutaɾ,luta,lutaɾ,luta,lutaɾ,,bɾigaɾ,bɾiija,,pildʒe,bɾigaɾ,briga,peleʒaɾ,piliza̹,,baklaj,bɾigaɾ,bɾigɐ,lutaɾ,luta,lutaɾ,bɾiga,bɾigaɾ,bɾiga,bɾigaɾ,bɾiga,lutaɾ,luta,peleʒaɾ,pɛza,lutaɾ,luta,lutaɾ,vugu,lutaɾ,lutɐ,gerjaɾ,geɾiɟa,bɾigɐ,bɾiŋa,peleaɾ,pelea,peleaɾ,pilja,peleaɾ,pelja,peleaɾ,piʎa,,bhiga,batʀ,bat,lyte,lite,,gumẽ,,gumɛ̃,,gumɛ̃,batʀ,bat,lagɛʀ,lageɣ,lagɛʀ,,bataje,bataje
fingernail,uɲɐ,,uɲɐ,,uɲɐ,,uɲɐ,uɲa,uɲɐ,,uɲɐ,uɲa,uɲɐ,,uɲɐ,uɲa,uɲɐ,uɲɐ,uɲɐ,,uɲɐ,uɲɐ,uɲɐ,,uɲɐ,,uɲɐ,iɲɛ,uɲɐ,uɲa,uɲɐ,umuɲɐ,uɲɐ,iɲɛ,uɲɐ,uɲɐ,uɲɐ,ɲuɲa,uɲa,huɲa,uɲa,,uɲas,unjas,uɲas,kunja,uɲas,,lezɔ̃ɡl,zɔŋ,lezɔ̃ɡl,zõŋg,lezɔ̃ɡl,zɔŋ,lezɔ̃ɡl,,lezɔ̃ɡl,zoŋ,lezɔ̃ɡl,zoŋ,lezɔ̃ɡl,gwif,lezɔ̃ɡl,zoŋ,lezɔ̃ɡl,,gʀif,gɣif
fire,fogu,fog,fogu,fog,fogu,fog,fogu,fooʋ,fogu,fogə,fogu,fogu,fogu,fogu,fogu,fogu,fogu,fogu,lumɨ,lum,lumɨ,lum,lumi,lumi,lumi,lumi,fogu,fogo,fogu,fugã,ufogu,ufogu,fogu,fogo,fogu,fugu,fogu,fugu,kandela,kandela,fweɣo,fogo,fweɣu,pwegu,fweɣu,pwegu,fweɣu,pwegu,dyfø,dʒife,dyfø,dife,fø,fe,dyfø,dife,dyfø,ɟife,dyfø,ɟife,dyfø,dife,dyfø,dife,dyfø,fe,dyfø,ɟife
fish,pejʃi,peʃ,pejʃi,peʃ,pejʃi,peʃ,pejʃi,peesi,pejʃi,peʃi,pejʃi,pesi,pejʃi,pese,pejʃi,,pejʃi,peʃi,pejʃɨ,peʃ,pejʃɨ,peʃ,pejʃi,peʃi,pejʃi,peʃi,pejʃi,piʃi,pejʃi,piʃi,pejʃi,peʃi,pejʃi,kikie,pejʃɨ,pis,pejʃɨ,pis,peskadu,piska,peskaðo,pekkao,peskaðu,peskaw,peskaðu,peskaw,peskaðu,piskaw,pwasõ,pwasõ,pwasõ,pwasõ,pwasõ,posõ,pwasõ,pwesõ,pwasõ,pwasɔ̃,pwasõ,pwesɔ̃,pwasõ,pwesõ,pwasõ,posõ,pwasõ,pwasɔ̃,pwasõ,pwasɔ̃
five,sĩku,sink,sĩku,sink,sĩku,sĩk,sĩku,siinku,sĩku,sinkə,sĩku,siŋku,sĩku,sinku,sĩku,siŋku,sĩku,sĩku,sĩku,sĩŋk,sĩku,sĩk,sĩku,sĩku,sĩku,sĩku,sĩku,ʃĩku,sĩku,ʃĩku,sĩku,ʃĩku,sĩku,tano,sĩku,sĩku,sĩku,siɲku,siŋku,sinku,sinko,,siŋku,siŋku,siŋku,siŋku,siŋku,siŋku,sɛ̃k,sɛ̃ŋk,sɛ̃k,sẽk,sɛ̃k,sẽk,sɛ̃k,sẽk,sɛ̃k,sɛ̃k,sɛ̃k,sɛ̃k,sɛ̃k,sɛ̃k,sɛ̃k,sẽk,sɛ̃k,,sɛ̃k,sɛ̃k
float,,taɾtahika,nɐdaɾ,nada,nɐdaɾ,,nɐdaɾ,nada,nɐdaɾ,"
agsuɾibətəʋaj",bojaɾ,boja,bojaɾ,,bojaɾ,,bojaɾ,boja,bojaɾ,boja,bojaɾ,boja,bojaɾ,boja,bojaɾ,boja,bojaɾ,bɔja,bojaɾ,bɔja,bojaɾ,bɔja,bojaɾ,bɔja,flutwaɾ,,flutwaɾ,boɟa,,dɾif,flotaɾ,,flotaɾ,,,lutaŋ,flotaɾ,,flɔte,flote,flɔte,flote,flɔte,flote,flɔte,flote,flɔte,flote,flɔte,flote,flɔte,flote,flɔte,flote,flɔte,,flɔte,flote
flow,,wahunanda,βɐzaɾ,ʋaza,βɐzaɾ,ʋaza,βɐzaɾ,,βɐzaɾ,,kureɾ,kure,kureɾ,,kureɾ,,kureɾ,koɾe,kuʀeɾ,kɾe,kuʀeɾ,koʀe,kureɾ,koɾe,kureɾ,koɾe,,koleselele,flwiɾ,,flwiɾ,,flwiɾ,,,daɾmɐ,flwiɾ,,koreɾ,koɾe,flwiɾ,,flwiɾ,,flwiɾ,,flwiɾ,,kule,,kule,kule,kule,kule,kule,kule,kule,kule,kule,kule,kule,kule,kule,kule,kule,kule,kule,kule
flower,floɾ,ful,floɾ,floɾ,floɾ,floɾ,floɾ,fuula,floɾ,fula,floɾis,floris,floɾ,fula,floɾ,fula,floɾ,flɔɾ,floɾ,floɾ,floɾ,floɾ,floɾ,floɾ,floɾ,floɾ,floɾ,flɔli,floɾ,fɔɔl,floɾ,ufɔli,floɾ,fɔli,floɾ,flur,floɾ,flor,floɾ,floɾ,floɾ,,floɾes,ploɾes,floɾes,ploɾ,floɾes,ploɾis,buke,butʃe,flœʀ,flɛ,flœʀ,flɛʁ,flœʀ,flɛ,flœʀ,flɛ,flœʀ,flɛ,flœʀ,flɛ,flœʀ,fleɣ,flœʀ,,flœʀ,flɛɛ
fly(v.),ɐβwaɾ,awga,ɐβwaɾ,agwa,βwaɾ,uʋa,βwaɾ,awgaa,aβwaɾ,agwə,aβwaɾ,abwa,aβwaɾ,agua̹,aβwaɾ,aboa,βwaɾ,buɐ,vwaɾ,vwɐ,vwaɾ,vwɐ,βwaɾ,bwɐ,βwaɾ,bwa,βwaɾ,vwa,βwaɾ,vwa,βwaɾ,vwa,βwaɾ,pupuka,βwaɾ,boa,βwaɾ,buwa,bolaɾ,bula,bolaɾ,,bolaɾ,bula,bolaɾ,bula,bolaɾ,bula,vɔle,vole,vɔle,vole,vɔle,,vɔle,vole,vɔle,vole,vɔle,vole,vɔle,vole,ɑ̃vɔle,ãvole,vɔle,vole,vɔle,vole
fog,fumasɐ,fumas,oɾβaʎu,oɾvaʎ,oɾβaʎu,uʋa,oɾβaʎu,uɾuʋajja,oɾβaʎu,fog,oɾβaʎu,,oɾβaʎu,,oɾβaʎu,,nɛβwɐ,nɛgwɐ,nɨvwejɾu,nevweɾ,nɨvwejɾu,nevweɾ,nɛβwɐ,nɛbɐ,nɛβwɐ,nɛbɐ,neblinɐ,neblina,neblinɐ,,neblinɐ,lubina,neblinɐ,,sɨɾenu,sɨɾen,sɨɾenu,,njeβla,nebli,njeβla,,njeβla,,njeβla,,njeβla,,lafyme,lafime,bʀujaʀ,bɾujaɾ,bʀujaʀ,,bʀujaʀ,bɣuja,bʀujaʀ,bwuja,bʀujaʀ,bwuja,bʀujaʀ,vape,bʀujaʀ,bɣujaɣ,bʀujaʀ,,bʀujaʀ,bɣujaa
foot,pɛ,pe,pɛ,pe,pɛ,pe,pɛ,pee,pɛ,pɛ,pɛ,pew,pɛ,pe,pɛ,pew,pɛ,pɛ,pɛ,pe,pɛ,pe,pɛ,pe,pɛ,pe,upɛ,ɔpɛ,upɛ,ɔpɛ,upɛ,ɔpɛ,upɛ,ɔpɛ,pɛ,pɛ,pɛ,pe,pje,pija,pje,pje,pje,pjes,pje,pjes,pje,pjes,pje,pje,pje,pje,pje,pje,pje,pje,pje,pie,pje,pje,pje,pje,ləpje,lipie,pje,pje,ləpje,lipje
forest,floɾɛstɐ,,floɾɛstɐ,,floɾɛstɐ,,matu,matu,matu,,matu,matu,matu,,matu,matu,matu,matu,fluɾɛʃtɐ,mot,fluɾɛʃtɐ,,matu,,matu,,,obo,,ogo,matu,matu,,obo,matu,matu,matu,matu,matu,matu,boske,,boski,,boski,bondok,boski,monti,dɑ̃bwa,dãmbwa,bwa,bwa,foʀɛ,,dɑ̃bwa,,gʀɑ̃bwa,gɣãbwa,gʀɑ̃bwa,gɣãbwa,lafoʀɛ,lafowe,lafoʀɛ,lafoɣe,foʀɛ,foʀe,foʀɛ,foɣe
four,kwatɾu,kwat,kwatɾu,kɔt,kwatɾu,kwɔt,kwatɾu,katɾu,kwatɾu,katɾə,kwatɾu,kwatu,kwatɾu,katɾu,kwatɾu,kəteɾ,kwatɾu,kwatu,kwatɾu,kwat,kwatɾu,kwat,kwatɾu,kwatu,kwatɾu,kwatu,kwatɾu,kwatlu,kwatɾu,xatulu,kwatɾu,kwatu,,kwanɐ,kwatɾu,kwɐtɾu,kwatɾu,kwatur,kwatɾu,kwateɾ,kwatɾo,kwatɾo,kwatɾu,kwatɾu,kwatɾu,kwatɾu,kwatɾu,,katʀ,kat,katʀ,kat,katʀ,kat,katʀ,kat,katʀ,kat,katʀ,kat,katʀ,kat,katʀ,kat,katʀ,kat,katʀ,kat
freeze,,bəɾəfhika,fikaɾʒelu,fikadʒel,fikaɾʒelu,fikadʒel,fikaɾʒelu,,,fɾiːz,ʒelu,,ʒelu,,ʒelu,,ʒelu,ʒelɐ,kõʒɨlaɾ,ʒela,kõʒɨlaɾ,ʒela,ʒelu,ʒelɐ,ʒelu,ʒela,ʒelu,,ʒelu,,ʒelu,,ʒelu,,kõʒɨlaɾ,,kõʒɨlaɾ,,,fɾis,koŋxelaɾ,,elaɾ,ela,elaɾ,,elaɾ,,kɔ̃ʒle,kõʒele,fʀwɛdiʀ,fɾedi,kɔ̃ʒle,kõʒle,ʒele,ʒele,glase,glase,glase,glase,glase,glasi,kɔ̃ʒle,kõzele,kɔ̃ʒle,,kɔ̃ʒle,
fruit,fɾutɐ,fɾujt,fɾutɐ,fɾut,fɾutɐ,fuɾt,fɾutɐ,fɾʋiita,fɾutɐ,fɾutɛ,fɾutɐ,fruta,fɾutɐ,fɾuta,fɾutɐ,fɾuta,fɾutɐ,fɾutɐ,fɾutɐ,fɾutɐ,fɾutɐ,fɾutɐ,fɾutɐ,fɾuta,fɾutɐ,fɾuta,fɾutɐ,fluta,fɾutu,fulutu,fɾutɐ,futa,fɾutɐ,,fɾutɐ,fɾutɐ,fɾutɐ,fruta,fɾuta,fɾuta,fɾuta,fɾuta,fɾuta,pɾuta,fɾuta,pɾutas,fɾuta,pɾuta,fʀɥi,fwi,fʀɥi,fɾi,fʀɥi,fʁi,fʀɥi,fwi,fʀɥi,fwi,fʀɥi,fwi,fʀɥi,fwi,fʀɥi,fɣi,,vaʀãg,fʀɥi,fɣi
full,ĩtʃidu,itʃid,ĩtʃidu,intʃid,ʃeju,ʃej,ĩtʃidu,intʃidu,ĩtʃidu,intʃid,ĩtʃidu,tʃew,ĩtʃidu,intʃidu,ĩtʃidu,intʃi,tʃeju,tʃew,tʃeju,tʃew,tʃeju,tʃew,tʃeju,ʃeju,tʃeju,tʃew,tʃeju,ʃa,tʃeju,ʃia,ĩtʃadu,ʃadu,tʃeju,sia,ĩtʃeɾ,ĩtʃɨ,ĩtʃeɾ,ɟiɲci,ʎenu,jen,ʎeno,,ʎenu,ljenu,ʎenu,jenu,ʎenu,jenu,plɛ̃,plɛ̃,plɛ̃,plẽ,plɛ̃,plẽ,plɛ̃,,plɛ̃,plɛ̃,plɛ̃,plɛ̃,plɛ̃,plɛ̃,plɛ̃,plẽ,plɛ̃,plɛ̃,plɛ̃,plɛ̃
give,daɾ,da,daɾ,da,daɾ,da,daɾ,daa,daɾ,da,daɾ,da,daɾ,da̹,daɾ,da,daɾ,dɐ,daɾ,da,daɾ,da,daɾ,dɐ,daɾ,da,daɾ,da,daɾ,da,daɾ,da,daɾ,da,daɾ,da,daɾ,da,donaɾ,duna,daɾ,nda,caɾ,dali,caɾ,dali,caɾ,dali,baje,baj,dɔne,dõne,baje,ba,baje,ba,baje,ba,baje,ba,baje,baj,dɔne,done,dɔne,done,dɔne,done
good,bõ,,bõ,bõ,bõ,bõ,bõ,boom,bõ,bɔ̃,bõ,boŋ,bõ,boŋ,bõ,boŋ,bõ,bõ,bõ,bõ,bõ,bõ,bõ,bõ,bõ,bõ,bõ,bõ,bõ,bɔ̃,bõ,bõ,bõ,bo,bõ,bõŋ,bõ,bõ,bõ,bõ,bjen,bjen,bwenu,bwenu,bwenu,bwenu,bwenu,bwenu,bɔ̃,bɔ̃,bɔ̃,bõ,bɔ̃,bõ,bɔ̃,bõ,bɔ̃,bɔ̃,bɔ̃,bɔ̃,bɔ̃,bɔ̃,bɔ̃,bon,bɔ̃,bɔ̃,bɔ̃,bɔ̃
grass,paʎɐ,pal,paʎɐ,paʎ,ɛɾβɐ,ɛɾʋ,ɛɾβɐ,ɛɛɾʋa,,gɾasə,ɛɾβɐ,ɛbra,ɛɾβɐ,,ɛɾβɐ,eɾba,paʎɐ,padʒɐ,matu,mɔt,ɛɾvɐ,eɾvɐ,ɛɾβɐ,eɾvɐ,ɛɾβɐ,eɾvɐ,ɛɾβɐ,alibɐ,ɛɾβɐ,alba,ɛɾβɐ,aribɐ,,iku,paʎɐ,paʎɐ,paʎɐ,paɟa,jeɾβa,jeɾba,"jeɾβa,sakate",,sakati,sakati,sakati,sakati,sakati,sakati,,hadʒe,lɛʀb,lɛɾb,,ʁadʒe,ɛɾb,zɛb,dezɛɾb,zɛb,dezɛɾb,zeb,dezɛɾb,zɛb,lɛɾb,leɣb,lɛɾb,,lɛɾb,lɛɛb
green,βeɾdi,ʋɛɾd,βeɾdi,ʋɛɾd,βeɾdi,ʋeɾd,βeɾdi,ʋeeɾdi,βeɾdi,ʋɛɾdi,βeɾdi,bedri,βeɾdi,veɾde,βeɾdi,beɾdi,βeɾdi,beɾdi,veɾdɨ,veɾd,veɾdɨ,veɾd,βeɾdi,beɾdi,βeɾdi,veɾdi,βeɾdi,vede,βeɾdi,veedʒi,βeɾdi,vede,βeɾdi,vedi,βeɾdɨ,veɾdɪ,βeɾdɨ,berdu,beɾdi,bɛɾdɛ,beɾðe,,beɾði,beɾdi,beɾði,beɾdi,beɾði,beɻdi,vɛʀ,vjat,vɛʀ,vɛɾ,vɛʀ,vɛʁ,vɛʀ,vɛt,vɛʀ,vɛ,vɛʀ,vɛ,vɛʀ,vɛt,vɛʀ,veɣ,vɛʀ,vɛɛ,vɛʀ,vɛɛ
guts,tɾipɐ,tɾĩp,tɾipɐ,tɾip,tɾipɐ,tɾip,tɾipɐ,tɾipa,tɾipɐ,tɾipə,tɾipɐ,,tɾipɐ,tɾipa,tɾipɐ,tɾipa,tɾipɐ,tɾipɐ,tɾipɐʃ,tɾipɐ,tɾipɐʃ,tɾipɐ,tɾipɐ,tɾipɐ,tɾipɐ,tɾipɐ,tɾipɐ,tlipa,tɾipɐ,tʃiipa,tɾipɐ,tʃipa,,malɐ,tɾipɐʃ,tɾipɐ,tɾipɐʃ,,tɾipa,tɾipa,tɾipas,tɾipa,tɾipas,tripa,tɾipas,,tɾipas,tɾipa,tʀip,thip,letʀip,letɾip,tʀip,tʁip,tʀip,tɣip,lezɑ̃tʀaj,zãtɣaj,lezɑ̃tʀaj,zãtɣaj,,bojo,tʀip,tɣip,tʀip,tʀip,tʀip,zɛ̃testɛ̃
hair,kɐbelu,kabel,kɐbelu,kabil,kɐbelu,kabel,kɐbelu,kabeel,kɐbelu,kabeli,kɐbelu,kabelu,kɐbelu,kabelu,kɐbelu,kabelu,kɐbelu,kɐbelu,kɐbelu,kebel,kɐbelu,kɐbel,kɐbelu,kɐbel,kɐbelu,kabelu,kɐbelu,kabelu,kɐbelu,xabɛlu,kɐbelu,kabɛlu,kɐbelu,kabelu,kɐbelu,kabelʊ,kɐbelu,kabelu,kaβeʎu,kabej,pelo,,pelu,pelu,pelu,pelu,pelu,pelu,ʃəvø,ʃive,ʃəvø,ʃve,ʃəvø,ʃive,ʃəvø,ʃive,ʃəvø,ʃive,ʃəvø,ʃive,ʃəvø,ʃive,ʃəvø,seve,ʃəvø,seve,ʃəvø,seve
hand,mɐ̃w̃,mãw,mɐ̃w̃,mãw,mɐ̃w̃,mãw,mɐ̃w̃,mam,mɐ̃w̃,mɔ̃,mɐ̃w̃,maŋ,mɐ̃w̃,ma̜ŋ,mɐ̃w̃,maw,mõ,mo,mõ,mõ,mõ,mõ,mõ,mõ,mõ,mõ,mõ,mõ,mõ,omã,mõ,umã,mõ,mo,mõ,mõ,mõ,moŋ,manu,mã,mano,mano,manu,manu,manu,manu,manu,manu,lamɛ̃,lame,lamɛ̃,lamẽ,lamɛ̃,lamẽ,mɛ̃,mẽ,lamɛ̃,lãmɛ̃,lamɛ̃,lãmɛ̃,lamɛ̃,lãmɛ̃,lamɛ̃,lamẽ,mɛ̃,mɛ̃,lamɛ̃,lamɛ̃
he,eli,el,eli,il,eli,el,eli,eli,eli,eli,eli,eli,eli,ele,eli,eli,eli,e,elɨ,el,elɨ,el,eli,e,eli,e,eli,ele,eli,eli,eli,eli,eli,ele,elɨ,ɛɫ,elɨ,ɟel,el,e,el,e,el,eli,el,eli,el,eli,lwi,li,lwi,li,i,i,lwi,li,lwi,i,lwi,i,lwi,li,lwi,li,lwi,li,lwi,i
head,kɐbesɐ,kabes,kɐbesɐ,kabes,kɐbesɐ,kabes,kɐbasɐ,kaʋasa,kɐbesɐ,kabesə,kɐbesɐ,kabesa,kɐbesɐ,kabesa,kɐbesɐ,kabesa,kɐbesɐ,kɐbɛsɐ,kɐbesɐ,kebɛsa,kɐbesɐ,kɐbɛsɐ,kɐbesɐ,kɐbɛsɐ,kɐbesɐ,kabɛsa,kɐbesɐ,kabesɐ,kɐbesɐ,xabɛsa,kɐbesɐ,kabɛsɛ,kɐbesɐ,nte,kɐbesɐ,kabesɐ,kɐbesɐ,kabisa,kabesa,kabes,kabesa,,kabesa,kabesa,kabesa,kabesa,kabesa,kabesa,tɛt,tɛt,latɛt,latɛt,tɛt,tɛt,tɛt,tɛt,tɛt,tɛt,tɛt,tɛt,tɛt,tɛt,latɛt,latet,latɛt,latɛt,latɛt,latet
hear,owβiɾ,oʋi,owβiɾ,uʋi,owβiɾ,uʋi,owβiɾ,oʋii,owβiɾ,oi,owβiɾ,ubi,owβiɾ,uvi,owβiɾ,obi,owβiɾ,obi,owviɾ,uvi,owviɾ,uvi,owβiɾ,obi,owβiɾ,ubi,ẽtẽdeɾ,tẽde,ẽtẽdeɾ,tẽde,ẽtẽdeɾ,tẽde,ẽtẽdeɾ,ẽde,owβiɾ,obi,eskutaɾ,sukta,ẽtẽdeɾ,tende,eskutʃaɾ,kutʃa,oiɾ,oi,oiɾ,uwi,oiɾ,oi,ɑ̃tɑ̃dʀ,tãnde,ekute,ekute,ɑ̃tɑ̃dʀ,tãde,ɑ̃tɑ̃dʀ,tãde,ɑ̃tɑ̃dʀ,tãn,ɑ̃tɑ̃dʀ,tãn,ɑ̃tɑ̃dʀ,tãn,ɑ̃tɑ̃dʀ,tãde,ɑ̃tɑ̃dʀ,ãtã,ɑ̃tɑ̃dʀ,tã
heart,koɾɐsɐ̃w̃,koɾsãw,koɾɐsɐ̃w̃,kuɾəsãw,koɾɐsɐ̃w̃,kuɾəsãw,koɾɐsɐ̃w̃,koɾsam,koɾɐsɐ̃w̃,koɾso,koɾɐsɐ̃w̃,korsaŋ,koɾɐsɐ̃w̃,korasa̜ŋ,koɾɐsɐ̃w̃,koɾasaŋ,koɾɐsõ,koɾɐsõ,kuɾɐsõ,kɾosõ,kuɾɐsɐ̃w̃,koɾasõ,koɾɐsõ,kuɾɐsɐ̃,koɾɐsõ,koɾasõ,koɾɐsõ,klɔsɔ̃,koɾɐsõ,kuusã,koɾɐsõ,kosã,koɾɐsõ,kɔθɔ,kuɾɐsõ,kuɾɐsõ,koɾɐsõ,kɔɾsɔŋ,koɾasõ,kuɾasõ,koɾason,kolaso,koɾason,kurason,koɾason,kurason,koɾason,kurason,kœʀ,tʃɔ,kœʀ,kɛɾ,kœʀ,tʃɔ,kœʀ,kɛ,kœʀ,cɛ,kœʀ,cɛ,kœʀ,tʃɛ,ləkœʀ,lekeɣ,kœʀ,kɛɛ,ləkœʀ,lekɛɛ
heavy,pezadu,pedzad,pezadu,pezad,pezadu,pezad,pezadu,pezaadu,pezadu,pezad,pezadu,pezadu,pezadu,,,fedʒidu,pezadu,pisadu,pɨzadu,pezɔd,pɨzadu,pezɔd,pezadu,pizadu,pezadu,pizadu,pezadu,,pezadu,pizadu,,kwadu,pezadu,,pɨzadu,pizadu,pɨzadu,pisadu,pesaðu,pisa,pesaðo,,pesaðu,pisaw,pesaðu,pisaw,pesaðu,piskaw,pəzɑ̃,pezã,luʀ,luɾ,luʀ,lu,luʀ,lu,luʀ,lu,luʀ,lu,luʀ,lu,luʀ,luɣ,luʀ,,luʀ,luu
here,ɐki,aki,ɐki,aqui,ɐki,aki,ɐki,akii,ɐki,ɛki,ɐki,naki,ɐki,aki,ɐki,aki,ɐli,li,ɐki,ej,ɐli,li,ɐli,li,ɐli,li,ɐli,nai,ɐli,jaj,ka,ka,ɐli,,ɐli,li,ɐli,li,aki,aki,aki,aki,aki,aki,aki,aki,aki,aki,isila,isila,isi,isit,isi,isi,isi,isit,isi,isi,isi,isia,isi,isi,isi,isi,isi,isi,isi,isi
hit,daʎi,dal,bɐteɾ,bate,bɐteɾ,bate,daʎi,daai,daʎi,,daʎi,dali,,ziŋgwa̹,faztɔkɐ,fajtoka,,kõku,,kũŋki,daɾ,dɐ,bɐteɾ,bate,bɐteɾ,bate,bɐteɾ,bate,bɐteɾ,bate,bɐteɾ,bate,bɐteɾ,bate,,sutɐ,,suta,bateɾ,bati,golpeaɾ,,golpeaɾ,gulpja,golpeaɾ,gulpja,peɣaɾ,piga,batʀ,bat,fʀape,fɾape,batʀ,bat,fʀape,fɣape,,baku,,baku,fʀape,fwape,batʀ,bate,batʀ,don,fʀape,fɣape
hold,seguɾaɾ,tuma,tumaɾ,tuma,tumaɾ,tuma,tumaɾ,toma,tumaɾ,tama,siguɾaɾ,sigura,siguɾaɾ,pega̹,siguɾaɾ,,siguɾaɾ,suguɾɐ,ɐpɐɲaɾ,pɲa,sɨɡuɾaɾ,sgeɾa,ɐpɐɲaɾ,pɐɲa,pegaɾ,pega,,pala,seguɾaɾ,sugula,seguɾaɾ,segwa,seguɾaɾ,θegwa,sɨɡuɾaɾ,suguɾa,sɨɡuɾaɾ,,teneɾ,tene,peɣaɾ,pega,agaraɾ,gara,agaraɾ,tjeni,agaraɾ,agara,tjɛ̃bjɛ̃,tʃẽmbe,tjɛ̃,tʃẽ,tjɛ̃,tjen,tjɛ̃bjɛ̃,kẽbe,tjɛ̃bjɛ̃,cɛ̃be,tjɛ̃bjɛ̃,cɛ̃be,tjɛ̃bjɛ̃,tʃɛ̃be,təniʀ,tini,tjɛ̃bjɔ̃,tjɛ̃bo,təniʀ,tenii
horn,,ʃiŋ,,dãntʃ,ʃifri,tʃif,koɾnu,koɾnu,koɾnu,,koɾnu,,koɾnu,,koɾnu,koɾnu,koɾnu,koɾnu,ʃifɾɨ,tʃif,ʃifɾɨ,ʃifɾ,koɾnu,koɾu,koɾnu,,koɾnetɐ,kɔnɛta,koɾnu,xõ,ʃifɾi,ʃifi,koɾnu,kɔkɔ,tʃifɾi,tʃifɾi,tʃifɾi,cifur,katʃu,katʃu,kweɾno,,kweɾnu,kweɾnu,kweɾnu,kweɾnu,,tuɾutut,kɔʀn,kɔn,kɔʀn,kɔɾn,kɔʀn,,kɔʀn,,kɔʀn,kɔ̃n,kɔʀn,kɔ̃n,kɔʀn,kɔn,kɔʀn,,kɔʀn,kɔɔn,kɔʀn,kɔɔn
how,kilajɐ,kilɛ,kilajɐ,kilaj,komu,kom,kilajɐ,kilaj,kilajɐ,kɛlɛj,kilajɐ,kaj,kilajɐ,komu,kilajɐ,kan,kimɔdu,mɔdi,kɨmɐnejɾɐ,kmenɛrɐ,mɐnejɾɐ,mɐnɛɾɐ,ɐsĩ,simɐ,kimɔduki,mɔdɐki,kumu,kumɐ,kumu,koma,kumu,kumɐ,kumu,kumɐ,kumu,kuma,kumu,kuma,komu,kon,komo,kumo,,kilaja,komo,kamo,poɾkemoðu,pakimodu,kɔmã,kumã,kɔmã,komã,kɔmã,kumã,kɔmã,kõmã,kɔmã,kumã,kəmanjɛʀ,kimãnjɛ,kɔmã,kumã,kɔmã,kumã,kɔmã,komã,kɔmã,kɔ̃mã
hunt,kɐsadɐ,kasadbiɾka,βajkɐsadɐ,vajkasad,kɐsaɾ,,kɐsadɐ,kasaɾia,kɐsadɐ,,,baiponta,,,,,kɐsaɾ,kasɐ,kɐsaɾ,kɐsa,kɐsaɾ,kasa,kɐsaɾ,kasa,kɐsaɾ,kasa,kɐsaɾ,kasa,kɐsaɾ,xasa,kɐsaɾ,kasa,kɐsaɾ,kaθa,,montia,kɐsaɾ,,,jag,kasaɾ,,buskaɾ,buska,kasaɾ,saka,paxaɾeaɾ,pahaɾea,alelaʃas,alelaʃas,ʃase,ʃase,ʃase,ʃase,ʃase,ʃase,ʃase,ʃase,ʃase,ʃase,alelaʃas,alelaʃas,laʃas,lasas,laʃas,,ʃase,sase
husband,mɐɾidu,maɾid,mɐɾidu,maɾid,ɔmẽ,ɔm,mɐɾidu,maɾiidu,mɐɾidu,maɾidə,mɐɾidu,maridu,mɐɾidu,maɾidu,mɐɾidu,maɾidu,mɐɾidu,mɐɾidu,mɐɾidu,meɾid,mɐɾidu,meɾid,mɐɾidu,maɾidu,mɐɾidu,maɾidu,mɐɾidu,malidu,mɐɾidu,mɛɛdu,mɐɾidu,maadu,ɔmẽ,ɔmɛ,ispozu,spozu,ɔmẽ,womi,esposo,esposo,maɾiðo,mailo,maɾiðu,maɾidu,maɾiðu,maɾidu,maɾiðu,maɾidu,ɔm,ɔm,maʀi,maɾi,maʀi,maʁi,maʀi,maɣi,maʀi,mawi,œ̃nɔmmaʀie,nɔ̃mmaje,maʀi,mawi,maʀi,maɣi,maʀi,maʀi,maʀi,maɣi
I,ew,jo,ew,jo,ew,jo,ew,eeʋ,ew,jo,ew,jo,ew,yow,ew,jo,mĩ,m,mĩ,mĩ,mĩ,ũ,mĩ,mi,mĩ,n,mĩ,ami,mĩ,amu,mĩ,ami,mĩ,ami,mĩ,ami,mĩ,mi,mĩ,mi,ʝo,i,ʝo,jo,ʝo,jo,ʝo,jo,mwa,mo,mwa,mo,mwa,mo,mwɛ,mwẽ,mwɛ,mwɛ̃,mwɛ,mwɛ̃,mwɛ,mwɛ̃,mwa,mwa,mwa,mwɛ̃,mwa,mo
ice,,bəɾəf,ʒelu,dʒel,ʒelu,dʒel,,ajs,,ajs,,,,,agwɐpɛdɾɐ,agupedɾa,ʒelu,ʒɛlu,ʒelu,ʒel,ʒelu,ʒel,ʒelu,ʒelu,ʒelu,ʒelu,ʒelu,ʒelu,ʒelu,,ʒelu,,ʒelu,,ʒelu,ʒelu,ʒelu,,,ejs,jelo,,jelu,jelu,jelu,jelu,jelu,,laɡlas,laglas,laɡlas,laglas,glas,glas,glas,glas,glas,glas,glas,glas,laglas,laglas,laɡlas,laglas,laɡlas,,glasɔ̃,glasɔ̃
if,si,ʃi,si,si,si,si,si,see,si,sə,si,kantu,si,si,,kalu,si,si,sɨ,se,sɨ,se,si,si,si,si,si,ʃi,si,si,si,ʃi,si,si,sɨ,si,sɨ,si,si,si,si,si,si,si,si,si,si,si,si,si,si,si,si,si,si,si,si,si,si,si,si,si,si,si,si,si,si,si
in,sewpɛɾtu,supɛɾt,nɐ,də,ʒũtudi,ʒũtdə,dẽtɾu,ntu,dẽtɾu,,nɐ,na,nɐ,na,dẽtɾu,dentəɾ,nɐ,nɐ,ẽ,nɐ,dẽtɾu,dẽt,nɐ,na,nɐ,na,nɐ,n,nɐ,ni,nɐ,na,nɐ,ni,nɐ,nɐ,nɐ,,dentɾu,den,en,,,na,,na,,na,ɑ̃dɑ̃,ãndã,dɑ̃,dã,ɑ̃,ã,ɑ̃,nã,ɑ̃,ã,ɑ̃,ã,ɑ̃,ã,dɑ̃,dã,dɑ̃,dã,dɑ̃,dã
kill,mɐtaɾ,mata,mɐtaɾ,mata,mɐtaɾ,mata,mɐtaɾ,mataa,mɐtaɾ,matæ,mɐtaɾ,mata,mɐtaɾ,,mɐtaɾ,mata,mɐtaɾ,matɐ,mɐtaɾ,mata,mɐtaɾ,mɐta,mɐtaɾ,mɐtɐ,mɐtaɾ,mata,mɐtaɾ,mata,mɐtaɾ,mata,mɐtaɾ,mata,mɐtaɾ,mata,mɐtaɾ,matɐ,mɐtaɾ,mata,mataɾ,mata,mataɾ,mata,mataɾ,mata,mataɾ,mata,mataɾ,mata,tɥe,tʃue,tɥe,tʃwe,tɥe,tʃwe,tɥe,tuje,tɥe,cwe,tɥe,cwe,tɥe,ʧuje,tɥe,tuje,tɥe,tje,tɥe,tuje
knee,,dʰopa,ʒweʎu,indʒwel,ʒweʎu,dʒwej,ʒweʎu,indʒuʋej,ʒweʎu,,ʒweʎu,nzelu,ʒweʎu,,ʒweʎu,indʒabel,ʒweʎu,dwedʒu,ʒueʎu,,ʒueʎu,,ʒweʎu,dwedʒu,ʒweʎu,,zũtɐ,zũta,uʒweʎu,ozojo,uʒweʎu,oze,,mpuna,ʒueʎu,dʒudʒʊ,ʒueʎu,,roðiʎa,ɾudija,ɾoðiʎa,luɾia,roðiʎas,rudiljas,roðiʎas,rudiljas,roðiʎas,rudiʎas,ʒənu,ʒunu,ʒənu,ʒnu,ʒənu,ʒunu,ʒənu,,ʒənu,ʒunu,ʒənu,ʒunu,ʒənu,ʒunu,ʒənu,zenu,ʒənu,zonu,ʒənu,zenu
know,sɐbeɾ,sabe,sɐbeɾ,sabe,sɐbeɾ,sabe,sɐbeɾ,saʋa,sɐbeɾ,sabɛ,sɐbeɾ,sabe,sɐbeɾ,sabe,sɐbeɾ,kaŋse,sɐbeɾ,sɐbi,sɐbeɾ,sɛb,sɐbeɾ,sɐbe,sɐbeɾ,sɐbe,sɐbeɾ,sabe,sej,se,koɲeseɾ,xonose,sej,sebe,,eta,sɐbeɾ,sibi,sɐbeɾ,sebe,sabeɾ,sabi,saβeɾ,sabe,saβeɾ,sabi,saβeɾ,sabi,saβeɾ,sabi,savwɛʀ,save,kɔnɛtʀ,kõne,savwɛʀ,save,kɔnɛtʀ,kõnẽ,savwaʀ,sav,savwaʀ,sav,savwaʀ,sav,kɔnɛtʀ,kone,kɔnɛtʀ,kone,kɔnɛtʀ,kone
lake,,təla,tɐ̃ki,tajnk,tɐ̃ki,tãk,tɐ̃ki,tanki,tɐ̃ki,,tɐ̃ki,,tɐ̃ki,,lugaɾagwɐ,lugaɾagu,lɐgoɐ,lɐgwɐ,lagu,lɐgoɐ,pɔsɐ,pɔsɐ,lɐgoɐ,lɐgoɐ,lɐgoɐ,lɐgoɐ,,oljo,lagu,,lagu,lagu,lagu,,lagu,lagu,lagu,,laɣu,lago,lago,,laɣu,lagu,,lawa,laɣu,,lak,lag,lak,lak,lak,lak,etɑ̃,etã,lak,lak,lak,lak,lak,lak,ʀezɛʀvwaʀ,ɣezeɣvwaɣ,ʀezɛʀvwaʀ,,lak,lak
laugh,riɾ,ɾʰi,riɾ,ɾi,riɾ,ɾi,riɾ,ɾii,riɾ,ɾihɛ,riɾ,ri,riɾ,ɾi,riɾ,ɾi,riɾ,ɾi,ʀiɾ,eʀi,ʀiɾ,eʀi,riɾ,aɾi,riɾ,aɾi,riɾ,li,riɾ,li,riɾ,rĩ,riɾ,di,,ɲiɲi,riɾ,,reiɾ,aɾi,reiɾ,ɾi,reiɾ,ri,reiɾ,reji,reiɾ,rei,ʀiʀ,ahi,ʀiʀ,ɾi,ʀiʀ,aʁi,ʀiʀ,ɣi,ʀiʀ,ɣi,ʀiʀ,ɣi,ʀiʀ,wi,ʀiʀ,ɣiɣ,ʀiʀ,ʀi,ʀiʀ,ɣiɣe
leaf,foʎɐ,fol,foʎɐ,fol,foʎɐ,foj,foʎɐ,fɔɔja,foʎɐ,fɔʎə,foʎɐ,fola,foʎɐ,fɔlja,foʎɐ,fola,foʎɐ,fodʒa,foʎɐ,fɔʎa,foʎɐ,fɔʎa,foʎɐ,fɔdʒa,foʎɐ,fɔdʒa,foʎɐ,fja,foʎɐ,fol,foʎɐ,fja,foʎɐ,fja,foʎɐ,foʎɐ,paʎɐ,paɟa,foʎɐ,foja,oxa,,oxa,ohas,oxa,ohas,oxa,ohas,fœj,fej,fœj,fej,fœj,fej,fœj,fɛj,fœj,fej,fœj,fej,fœj,fej,fœj,fej,fœj,fej,fœj,fej
left,,dawɾibadzu,iskeɾdɐ,iʃkeɾd,laduiskeɾdu,ladiskeɾd,iskeɾdɐ,majskaɾda,,left,iskeɾdu,skerdu,iskeɾdu,,iskeɾdu,,iskeɾdɐ,skɛɾdɐ,ɨʃkeɾdɐ,ʃkeɾdɐ,ɨʃkeɾdɐ,ʃkeɾdɐ,iskeɾdɐ,skɛɾdɐ,iskeɾdɐ,skɛɾdɐ,iskeɾdu,ʃkɛdu,iskeɾdu,skɛɛdʒi,iskeɾdu,kjɛdɛ,iskeɾdu,sikɛdu,ɨʃkeɾdɐ,ʃkeɾdɐ,eskeɾdu,sikerdu,,ɾobes,iskjeɾða,ikjeda,iskjeɾða,iskjeɾda,,kaliwa,iskjeɾða,iskjeɻda,ɡoʃ,gɔʃ,ɡoʃ,goʃ,ɡoʃ,ɡoʃ,ɡoʃ,gɔʃ,ɡoʃ,goʃ,ɡoʃ,goʃ,ɡoʃ,gɔʃ,ɡoʃ,gos,ɡoʃ,,ɡoʃ,gos
leg,pɛ,pe,pɛ,pe,pɛ,pɛ,pɛ,pee,pɛ,pɛ,pɛɾnɐ,perna,pɛɾnɐ,peɾna,pɛ,pew,pɛ,pɛ,pɛɾnɐ,pɛɾna,pɛɾnɐ,pɛɾnɐ,pɛ,pɛ,pɛ,pɛɾnɐ,upɛ,ɔpɛ,upɛ,pɛːna,upɛ,pɛna,upɛ,ope,pɛɾnɐ,perna,pɛ,pe,pjeɾna,pia,pjeɾna,,pjeɾna,pjeɾna,pjeɾna,pjeɾna,pjeɾna,pjeɻna,ʒɑ̃b,ʒam,ʒɑ̃b,ʒãm,ʒɑ̃b,ʒãm,ʒɑ̃b,ʒãm,ʒɑ̃b,ʒãm,ʒɑ̃b,ʒãm,ʒɑ̃b,ʒãm,laʒɑ̃b,lazam,laʒɑ̃b,,laʒɑ̃b,lazãm
lie,koɾpuspiʃadu,koɾppiʃad,diskɐ̃saɾ,diskənsa,diskɐ̃saɾ,diskənsa,dejtaɾ,detaa,dejtaɾ,dɛtɛ,dejtaɾ,deta,lɐgɐɾtjaɾ,lagaɾtia̹,lɐgɐɾtjaɾ,,dejtaɾ,detɐ,dejtaɾ,deta,dejtaɾ,deta,dejtaɾ,detɐ,dejtaɾ,deta,dejtaɾ,dɛta,dejtaɾ,,dejtaɾ,,dejtaɾ,,dejtaɾ,ditɐ,dejtaɾ,dita,,lɛx,ʝaseɾ,,ʝaseɾ,,akostaɾ,kusta,,ligid,kuʃe,kuʃe,kuʃe,kuʃe,kuʃe,kuʃe,kuʃe,kuʃe,alɔ̃ʒe,lɔ̃ʒe,alɔ̃ʒe,lɔ̃ʒe,kuʃe,kuʃe,alɔ̃ʒe,alõze,alɔ̃ʒe,kuse,alɔ̃ʒe,alɔ̃ze
live,,ʋibhika,βiβeɾ,vive,βiβeɾ,vive,βiβeɾ,ʋiʋe,βiβeɾ,,βiβeɾ,bibe,βiβeɾ,vivu,βiβeɾ,vivi,βiβeɾ,bibi,viveɾ,vive,viveɾ,vive,βiβeɾ,vive,βiβeɾ,vive,βiβeɾ,vive,istaɾ,ta,βiβeɾ,veve,istar,ta,βiβeɾ,vivɪ,βiβeɾ,,biβiɾ,biba,biβiɾ,bibi,biβiɾ,bibi,biβiɾ,bibi,biβiɾ,bibi,,hete,vivʀ,viv,vivʀ,viv,vivʀ,viv,vivʀ,viv,vivʀ,viv,vivʀ,viv,vivʀ,viv,vivʀ,,ʀɛste,ɣeste
liver,figɐdu,fig,figɐdu,fig,figɐdu,fig,figɐdu,fiʋdu,figɐdu,liveɾ,figɐdu,fildu,figɐdu,,koɾɐsɐ̃w̃,koɾsaŋ,figadu,figu,figɐdu,fig,figɐdu,fig,figadu,figu,figadu,figɐdu,figadu,figadu,figadu,fugudu,figadu,figadu,figadu,figadu,figɐdu,figɐdu,figɐdu,,hiɣaðu,higɾa,iɣaðo,,iɣaðu,igadu,,ataj,iɣaðu,igadu,fwɑ,fwa,fwɑ,fwa,fwɑ,fwa,fwɑ,fwa,fwɑ,fwa,fwɑ,fwa,fwɑ,fwa,ləfwɑ,lefwa,fwɑ,fwa,ləfwɑ,lefwa
long,kũpɾidu,kopɾid,kũpɾidu,kumpɾid,kũpɾidu,kõpɾid,kũpɾidu,kumpɾiidu,kũpɾidu,kumpɾidə,kũpɾidu,kumpridu,kũpɾidu,kumpɾidu,kũpɾidu,kumpɾidu,kũpɾidu,kũpɾidu,kũpɾidu,kũŋpɾid,kũpɾidu,kũpɾid,kũpɾidu,kũpɾidu,kũpɾidu,kũpɾidu,lõgu,lõgo,lõgu,loŋgo,lõgu,lõgo,lõgu,lõgo,kũpɾidu,kumpridʊ,kũpɾidu,kumpridu,laɾgu,laɾgu,laɾgo,,laɾgu,laɾgu,laɾgu,laɾgu,laɾgu,laɻgu,lõ,lɔ̃,lõ,lõ,lõ,loŋ,lõ,lõ,lõ,loŋ,lõ,lɔ̃,lõ,lɔ̃ŋ,lõ,loŋ,lõ,lɔ̃g,lõ,lɔ̃
louse,pjoʎu,pijol,pjoʎu,pjoʎ,pjoʎu,piol,pjoʎu,pijooj,pjoʎu,pioji,pjoʎu,pjolu,pjoʎu,,pjoʎu,piolu,pjoʎu,pjodʒu,pjoʎu,pjoj,pjoʎu,pjoj,pjoʎu,pjodʒu,pjoʎu,pjodʒu,,idu,,idu,,idu,,idu,kɐɾɐ̃gɐ,kɐɾɐ̃gɐ,kɐɾɐ̃gɐ,,pjohu,pjew,pjoho,,pjohu,piohu,pjohu,pjohu,pjohu,,pu,pu,pu,pu,pu,pu,pu,pu,pu,pu,pu,pu,pu,pu,lepu,lipu,pu,pu,lepu,lipu
man(adultmale),ɔmẽ,ɔm,ɔmẽ,ɔm,ɔmẽ,ɔm,ɔmẽ,ɔɔmi,ɔmẽ,ɔmi,ɔmẽ,omi,ɔmẽ,ome,ɔmẽ,omi,ɔmẽ,ɔmi,ɔmẽ,om,ɔmẽ,ɔm,ɔmẽ,ɔmi,ɔmẽ,ɔmi,ɔmẽ,ɔmɛ,ɔmẽ,ɔmɛ,ɔmẽ,ɔmi,ɔmẽ,ɔmɛ,ɔmẽ,omɪ,ɔmẽ,womi,hombɾe,hɔmbeɾ,ombɾe,ombe,ombɾe,ombɾi,ombɾe,ombɾi,ombɾe,ombɾi,ɔm,ɔm,œ̃nɔm,œ̃nɔm,ɔm,wõm,œ̃nɔm,nɔm,œ̃nɔm,nɔ̃m,œ̃nɔm,nɔ̃m,œ̃nɔm,nɔ̃m,dezɔm,zom,dezɔm,zom,dezɔm,zom
man(humanbeing),pesoɐ,,pesoɐ,,pesoɐ,,pesoɐ,pesoaa,pesoɐ,,kɾiɐturɐ,kletura,kɾiɐturɐ,,ʒẽtiɔmẽ,dʒentiomi,algẽ,ɐlgẽ,ɔmẽ,psoɐ,ɔmẽ,psoɐ,algẽ,ɐɾgẽ,algẽ,,kɾistõ,kliʃtõ,,ŋe,nĩgẽ,nĩge,nĩgẽ,nĩŋe,pekɐdoɾ,pɛkadoɾ,pekɐdoɾ,,xente,hende,xente,hende,xenti,henti,xenti,henti,peɾsona,piɻsona,dymɔ̃d,mun,dymɔ̃d,mun,mɔ̃d,,dymɔ̃d,,dymɔ̃d,mun,dymɔ̃d,mun,dymɔ̃d,mun,dymɔ̃d,dimun,dymɔ̃d,mun,dymɔ̃d,ɟimun
many,mũj̃tu,mɔt,mũj̃tu,mwit,mũj̃tu,mujt,mũj̃tu,mujtu,mũj̃tu,,mũj̃tu,tantu,mũj̃tu,mutu,tɐ̃tu,tantu,tʃeju,tʃew,tʃeju,mut,tʃeju,tʃew,tʃeju,tʃew,tʃeju,tʃew,majsmõti,maʃimõtʃi,mõti,mɔ̃tʃi,mõti,mõtʃi,mõti,motʃi,tʃeju,tʃiw,tʃeju,ciw,mutʃu,maʃa,mutʃo,mutʃo,mutʃu,mutʃu,mutʃu,mutʃu,mutʃu,mutʃu,boku,boku,boku,boku,boku,boku,œ̃pil,ãpil,œ̃pil,ãpil,œ̃pil,ãpil,boku,bɔku,boku,buku,boku,boku,boku,boku
meat,kaɾni,kʰaɾm,kaɾni,kaɾn,kaɾni,kaɾ,kaɾni,kaaɾni,kaɾni,kaɾni,kaɾni,kandri,kaɾni,kaɾne,kaɾni,kaɾni,kaɾni,kaɾni,kaɾnɨ,keɾ,kaɾnɨ,kaɾ,kaɾni,kaɾni,kaɾni,kaɾni,kaɾni,kani,kaɾni,xaani,kaɾni,ukani,kaɾni,kani,kaɾnɨ,karni,kaɾnɨ,karna,kaɾni,kaɾni,kaɾne,kane,kaɾne,kaɾni,kaɾne,kaɾni,kaɾne,kaɻni,laʃɛʀ,laʃe,vjɑ̃d,vjãn,vjɑ̃d,vjãn,vjɑ̃d,vjãn,vjɑ̃d,vjãn,vjɑ̃d,vjãn,vjɑ̃d,vjãn,lavjɑ̃d,lavjã,vjɑ̃d,vjã,lavjɑ̃d,lavjã
moon,luɐ,,luɐ,lu,luɐ,lu,luɐ,luma,luɐ,luʋə,lũɐ,luŋa,luɐ,lua,lũɐ,luŋaɾ,luɐ,lwɐ,luɐ,,luɐ,,luɐ,,luɐ,,luɐ,nwa,luɐ,nwa,luɐ,unwa,,mbezi,lũɐ,luŋa,lũɐ,luŋa,luna,luna,luna,,luna,luna,luna,luna,luna,luna,lalyn,lalin,lalyn,lalin,lalyn,lalin,lalyn,,lalyn,lalin,lalyn,lalin,lalyn,lalin,lalyn,lalin,lyn,lin,lalyn,lalin
mother,mɐ̃j̃,maj,mɐ̃j̃,maj,mɐ̃j̃,mãj,mɐ̃j̃,maj,mɐ̃j̃,maj,mɐ̃j̃,maj,mɐ̃j̃,mɐj,mɐ̃j̃,maj,mɐ̃j̃,mɐj,mɐ̃j̃,mẽ,mɐ̃j̃,mɐ̃j,mɐ̃j̃,ma,mɐ̃j̃,maj,mɐmɐ,mama,mɐmɐ,majn,mɐmɐ,mwĩ,mɐmɐ,mama,mɐmɐ,mamɛ,mɐmɐ,mamɛ,mama,mama,maðɾe,magɾe,maðɾi,madɾi,maðɾi,madɾi,,nana,mamɑ̃,mãmã,mamɑ̃,momã,mamɑ̃,mãmã,mamɑ̃,mãmã,mamɑ̃,mãmã,mamɑ̃,mãmã,mamɑ̃,mãmã,mamɑ̃,mama,mamɑ̃,mãmã,mamɑ̃,mãmã
mountain,sɛrɐgrɐ̃di,sɛrgran,mõtɐɲɐ,montaɲ,mõtɐɲɐ,,mõtɐɲɐ,montaɲa,mõtɐɲɐ,montaɲə,mõtɐɲɐ,montaɲa,mõtɐɲɐ,,mõtɐɲɐ,monti,mõti,mũti,mõtɐɲɐ,mõnt,mõtɨ,mõt,mõti,mũti,mõti,mõti,,oke,,iki,,okje,,lõde,mõtɐɲɐ,mõtaɲɐ,mõtɐɲɐ,,seru,seɾu,montaɲa,,monti,monti,monti,monti,monti,monti,mɔ̃taɲ,mõtãj,mɔ̃taɲ,mõtãɲ,mɔ̃taɲ,mõtãɲ,mɔ̃,mɔn,mɔ̃taɲ,mɔ̃taj,mɔ̃taɲ,mɔ̃taj,mɔ̃taɲ,mɔ̃tãj,mɔ̃taɲ,mõtãj,mɔ̃taɲ,mɔ̃tã,mɔ̃taɲ,mɔ̃tã
mouth,bokɐ,bok,bokɐ,bok,bokɐ,bok,bokɐ,booka,bokɐ,bɔkə,bokɐ,boka,bokɐ,bɔka,bokɐ,boka,bokɐ,bɔkɐ,bokɐ,bɔka,bokɐ,bɔka,bokɐ,bɔka,bokɐ,bɔka,bokɐ,bɔkɐ,bokɐ,boxa,bokɐ,ubukɐ,bokɐ,bokɐ,bokɐ,bokɐ,bokɐ,boka,boka,boka,boka,boka,boka,boka,boka,boka,boka,boka,buʃ,buʃ,buʃ,buʃ,buʃ,buʃ,buʃ,buʃ,ɡœl,ɟol,buʃ,buʃ,buʃ,buʃ,labuʃ,labus,labuʃ,bus,labuʃ,labus
name,nɔmi,nom,nɔmi,nom,nɔmi,nom,nɔmi,nɔɔmi,nɔmi,nɔmi,nɔmi,nomi,nɔmi,nome,nɔmi,nomi,nɔmi,nɔmi,nɔmɨ,nom,nɔmɨ,nɔm,nɔmi,nɔmi,nɔmi,nɔmi,nɔmi,nɔmi,nɔmi,namu,nɔmi,nɔmi,nɔmi,nɔmi,nɔmɨ,nɔmi,nɔmɨ,nomi,nombɾi,nɔmbəɾ,nombɾe,,nombɾi,nombɾi,nombɾi,nombɾi,nombɾi,nombɾi,nɔ̃,nõ,nɔ̃,nõ,nɔ̃,nõ,nɔ̃,nõ,nɔ̃,nɔ̃,nɔ̃,nɔ̃,nɔ̃,nɔ̃,nɔ̃,nõ,nɔ̃,nɔ̃,nɔ̃,nɔ̃
narrow,ʒũtu,tʃũntʃ,istɾejtu,estɾet,istɾejtu,,istɾejtu,istɾeetu,,idungija,,gapidu,finu,finu,ɐpeɾtadu,apeɾtadu,ɐpeɾtadu,peɾtadu,ʃtɾejtu,ʃtɾet,ʃtɾejtu,ʃtɾet,istɾejtu,stɾetu,istɾejtu,stɾetu,finu,fĩfi,finu,,,tʃɛkɛtʃɛkɛ,finu,,ʃtɾejtu,,ʃtɾejtu,,,smal,estɾetʃo,,estɾetʃu,istɾetʃu,estɾetʃu,istɾetʃu,estɾetʃu,,sɛʀe,sehe,etʀwa,etɾwa,etʀwɛ,etʁɛt,etʀwa,etwat,etʀwa,etwɛt,etʀwa,etwet,etʀwa,etwet,sɛʀe,seɣe,sɛʀe,,etʀwa,etɣwat
near,pɛɾtu,pɛɾt,pɛɾtu,pɛɾt,pɛɾtu,pɛɾt,pɛɾtu,pɛɛɾtu,pɛɾtu,pɛɾtə,pɛɾtu,pertu,pɛɾtu,peɾtu,pɛɾtu,peɾtu,pɛɾtu,pɛɾtu,pɛɾtu,peɾt,pɛɾtu,pɛɾt,pɛɾtu,peɾtu,pɛɾtu,peɾtu,pɛɾtu,pɛtu,pɛɾtu,pɛɛtu,pɛɾtu,pɛtu,pɛɾtu,pɛtu,pɛɾtu,pɛɾtu,pɛɾtu,pertu,seɾka,seɾka,seɾka,sekka,seɾka,seɾka,seɾka,seɾka,seɾka,seɻka,pʀɔʃ,phɔʃ,kote,kote,,oʁa,pʀɛ,pɣe,tupʀɛ,tupɣe,tupʀɛ,tupɣe,pʀɛ,pwe,pʀɛ,pɣe,pʀɛ,pjɔɔs,pʀɛ,pɣe
neck,peskosu,biskos,gɐɾgɐ̃tɐ,gaɾgãt,gɐɾgɐ̃tɐ,,peskosu,piskoos,peskosu,piskos,gɐɾgɐ̃tɐ,garganta,gɐɾgɐ̃tɐ,,peskosu,piskosu,peskosu,piskɔs,pɨʃkosu,peskos,pɨʃkosu,peskos,peskosu,piskos,peskosu,piskos,,klɔ̃klɔ,,gotʃi,peskosu,koto,,sĩgo,pɨʃkosu,gɐrgɐ̃tɨ,pɨʃkosu,,,nɛk,kweʎo,,peskwesu,peskwesu,kweʎu,kwelju,peskwesu,peskwesu,ɡɔʀʒ,gɔʒ,ku,ku,ɡɔʀʒ,goʁʒ,ku,ku,ku,ku,ku,ku,ku,ku,ləku,liku,ku,ku,ləku,liku
new,noβu,nob,noβu,noʋ,noβu,noʋ,noβu,nooʋ,noβu,nɔʋə,noβu,nubu,noβu,novu,noβu,nobu,noβu,nɔbu,novu,nov,novu,nov,noβu,nɔbu,noβu,nobu,noβu,nɔvu,noβu,nɔvu,noβu,nɔvu,noβu,nɔvu,noβu,nobu,noβu,nobu,noβu,nobo,nweβo,,nweβu,nwebu,nweβu,nwebu,nweβu,nwebu,nuvo,nɔv,nuvo,nuvo,nuvo,nɔv,nuvo,nuvo,nuvo,nuvo,dɛʀnjɛʀ,dɛnje,nuvo,nivo,nuvo,nuvo,nuvo,nev,nœf,nef
night,anojti,anot,anojti,anot,nojti,nojt,anojti,anooti,anojti,nojti,anojti,anuti,anojti,ano̹te,anojti,anoti,nojti,noti,nojtɨ,not,dɨnojtɨ,dnot,nojti,noti,nojti,noti,nojti,notʃi,nojti,notʃi,nojti,unotʃi,nojti,noti,nojtɨ,nojtɨ,nojtɨ,noti,notʃi,notʃi,notʃe,,notʃi,notʃi,notʃi,notʃi,notʃi,notʃi,nɥi,nwit,nɥi,nwit,lanɥi,lanwi,nɥi,nwit,lanɥi,lãnuit,lanɥi,lãnwit,lanɥi,lãnɥit,lanɥi,lanwi,nɥi,nwit,lanɥi,lanwit
nose,nɐɾis,naɾis,nɐɾis,naɾis,nɐɾis,naɾis,nɐɾis,naaɾis,nɐɾis,naɾis,nɐɾis,naris,nɐɾis,naɾiz,nɐɾis,naɾis,nɐɾis,nɐɾis,nɐɾiʃ,neɾis,nɐɾiʃ,neɾiʃ,nɐɾis,nɐɾis,nɐɾis,naɾis,nɐɾis,liʃi,nɐɾis,liʃi,nɐɾis,iriʃɪ,nɐɾis,lisɪ,nɐɾis,naris,nɐɾis,naris,naɾis,naniʃi,naɾis,,naɾis,naɾis,naɾis,naɾis,naɾis,naɾis,ne,ne,ne,ne,ne,nẽ,ne,ne,ne,nɛ̃,ne,nɛ̃,ne,ne,ne,nene,ne,ne,ne,nɛ̃nɛ̃
not,nɐ̃w̃,nu,nɐ̃w̃,nun,nɐ̃w̃,nã,nɐ̃w̃,na,nɐ̃w̃,na,nũkɐ,ŋka,nɐ̃w̃,noŋ,nɐ̃w̃,na,nũkɐ,kɐ,nɐ̃w̃,n,nũkɐ,kɐ,nũkɐ,kɐ,nũkɐ,kɐ,nõ,inɔ,,koma,,kumɐ,,wa,nɐ̃w̃,naw,nɐ̃w̃,naw,no,no,no,nu,no,no,no,no,no,no,nɔ̃,nõ,pa,pa,nɔ̃,nõ,pa,pa,pa,pa,pa,pa,pa,pa,pa,pa,pa,pa,pa,pa
old,βɛʎu,ʋɛl,βɛʎu,ʋɛʎ,βɛʎu,ʋɛj,βɛʎu,ʋɛɛj,βɛʎu,ʋæli,βɛʎu,belu,βɛʎu,velu,βɛʎu,belu,βɛʎu,bedʒu,vɛʎu,vej,vɛʎu,bedʒ,βɛʎu,bɛdʒu,βɛʎu,bɛdʒu,βɛʎu,vɛ,βɛʎu,vɛ,βɛʎu,vɛ,βɛʎu,vɛ,βɛʎu,bedʒʊ,βɛʎu,beɟu,bjexu,biew,bjexo,,bjexu,bjehu,bjexu,bjehu,bjexu,bjehu,vjø,vje,vjø,vje,vjø,vje,vjø,vje,vjø,vie,vjø,vje,vjø,vie,vjø,vie,vjø,vje,vjø,vje
one,ũ,ũ,ũ,ũ,ũ,ũ,ũɐ,uŋa,ũɐ,uŋa,ũɐ,ŋwa,ũɐ,uŋa,ũɐ,uŋ,ũ,ũ,ũ,ũ,ũ,ũ,ũ,ũ,ũ,ũ,ũɐ,ũa,ũɐ,ũ,ũɐ,ũa,ũɐ,ũa,ũ,ũ,ũ,unsoɲ,ũ,ũ,uno,un,unu,unu,unu,una,unu,un,œ̃,wun,œ̃,ẽn,œ̃,un,œ̃,jun,œ̃,jɔ̃n,œ̃,jɔ̃n,œ̃,jõn,œ̃,ẽ,œ̃,ɛ̃,œ̃,ɛ̃
other,majzũ,majzũ,otɾu,ot,otɾu,ot,otɾu,ootɾu,otɾu,otɾə,otɾu,ɔːtu,owtɾɐũɐ,otɾuŋa,owtɾɐũɐ,otəɾ,owtɾu,otu,owtɾu,ot,owtɾu,ot,owtɾu,otu,owtɾu,otu,owtɾu,otlo,owtɾu,utulu,owtɾu,otu,owtɾu,oto,owtɾu,otɾu,owtɾu,wutur,otɾu,otɾo,otɾo,uto,otɾu,otɾu,otɾu,otɾu,otɾu,otɾu,otʀ,wɔt,dotʀ,dɔt,otʀ,wot,lezotʀ,zɔt,lotʀ,lot,lotʀ,lot,lotʀ,lɔt,lotʀ,lot,dotʀ,dot,lotʀ,lot
play,bɾĩkaɾ,biɾka,bɾĩkaɾ,bɾinka,bɾĩkaɾ,bɾĩka,bɾĩkaɾ,bɾinka,bɾĩkaɾ,bɾinkə,bɾĩkaɾ,briŋka,bɾĩkaɾ,brinka̜,bɾĩkaɾ,bɾiŋka,ʒugaɾ,dʒugɐ,ʒugaɾ,ʒga,bɾĩkaɾ,bɾĩka,ʒugaɾ,dʒuga,ʒugaɾ,ʒuga,fɔlgɐ,flɔga,fɔlgɐ,fuuga,fɔlgɐ,fɔga,fɔlgɐ,fɔga,,tɔkɐ,bɾĩkaɾ,bɾiŋka,xugaɾ,uŋa,xugaɾ,,xugaɾ,huga,xugaɾ,huga,xugaɾ,huga,ʒwe,ʒue,ʒwe,ʒwe,ʒwe,ʒwe,ʒwe,ʒwe,ʒwe,ʒwe,ʒwe,ʒwe,ʒwe,ʒwe,ʒwe,zwe,ʒwe,zwe,ʒwe,zwe
pull,puʃaɾ,puʃa,puʃaɾ,puʃa,puʃaɾ,,puʃaɾ,pusaa,puʃaɾ,pwisɛ,puʃaɾ,pusa,,ela̹,puʃɐɾ,pusa,puʃɐɾ,puʃɐ,puʃaɾ,pʃa,puʃaɾ,pʃa,puʃɐɾ,puʃa,puʃɐɾ,puʃa,sɐiɾ,saja,sɐiɾ,sɛa,sɐiɾ,saa,sɐiɾ,sie,,dʒũndɐ,,ɟunda,alaɾ,ala,tiɾaɾ,,tiɾaɾ,ila,tiɾaɾ,tiɾa,alaɾ,ala,hale,hale,hale,hale,hale,tiʁe,tiʀe,tiɣe,hale,ɣale,hale,ɣale,hale,tiwe,tiʀe,tiɣe,hale,ʀale,tiʀe,ciɣe
push,,loʈu,ẽpuraɾ,empuʀa,ɐtiɾaɾ,atəɾa,ɐtiɾaɾ,taɭɭi,ɐtiɾaɾ,puʃɛ,ɐtiɾaɾ,tola,ɐtiɾaɾ,,ɐtiɾaɾ,,ɐtiɾaɾ,pĩtʃɐ,ẽpuʀaɾ,ĩŋpuʀa,ẽpuʀaɾ,ĩpuʀa,pĩtʃaɾ,pĩtʃa,pĩtʃaɾ,pĩtʃa,pĩtʃaɾ,pĩsa,pĩtʃaɾ,piza,pĩtʃaɾ,pĩsa,pĩtʃaɾ,pĩθa,pĩtʃaɾ,pĩtʃɐ,pĩtʃaɾ,piɲca,,puʃa,empuxaɾ,,empuxaɾ,impuha,empuxaɾ,tula,puxaɾ,puha,puse,puse,puse,puse,puse,puse,puse,puse,buʀe,buɣe,buʀe,buɣe,puse,puse,puse,puse,puse,puus,puse,puse
rain,tʃuβɐ,tʃu,tʃuβɐ,tʃu,tʃuβɐ,tʃuʋ,tʃuβɐ,tʃuuʋa,tʃuβɐ,tʃuʋə,tʃuβɐ,tʃwa,tʃuβɐ,tʃuva,tʃuβɐ,tʃua,tʃuβɐ,tʃubɐ,tʃuvɐ,tʃuvɐ,tʃuvɐ,tʃuvɐ,tʃuβɐ,tʃubɐ,tʃuβɐ,tʃobe,tʃuβɐ,subɐ,tʃuβɐ,ʃuva,tʃuβɐ,usuvɐ,tʃuβɐ,θubɐ,tʃuβɐ,tʃubɐ,tʃuβɐ,coba,agwaseɾu,awaseɾu,ʎuβja,,agwaseɾu,agwaseɾu,agwaseɾu,agwaseɾu,,ulan,laplɥi,lapli,laplɥi,lapli,laplɥi,lapli,plɥi,pli,laplɥi,lapli,laplɥi,lapli,laplɥi,lapli,laplɥi,lapli,laplɥi,lapli,laplɥi,lapli
red,βeɾmeʎu,biɾmel,ẽkɐɾnadu,enkəɾnad,βeɾmeʎu,vɛɾmej,βeɾmeʎu,bɾumaaj,βeɾmeʎu,bɾəmɛl,βeɾmeʎu,brumilu,βeɾmeʎu,venelu,βeɾmeʎu,,βeɾmeʎu,buɾmedʒu,βeɾmeʎu,veɾmej,βeɾmeʎu,bɾumedʒ,βeɾmeʎu,bɾumedʒu,βeɾmeʎu,bɾumedʒu,βeɾmeʎu,vleme,βeɾmeʎu,vɛmɛju,βeɾmeʎu,veme,βeɾmeʎu,veme,βɨɾmeʎu,burmejʊ,βɨɾmeʎu,burmeɟu,kɔɾadu,kɔɾa,roxo,,koloɾaðu,kuluɾaw,koloɾaðu,kuleɾaw,koloɾaðu,kuluɾaw,ʀuʒ,huʒ,ʀuʒ,ɾuʒ,ʀuʒ,,ʀuʒ,ɣuʒ,ʀuʒ,wuʒ,ʀuʒ,wuʒ,ʀuʒ,wuʒ,ʀuʒ,ɣuz,ʀuʒ,ʀuz,ʀuʒ,ɣuz
right,mãw̃diɾejtɐ,mãwdɾet,ladudiɾejtu,laddɾet,ladudiɾejtu,laddɾet,mãw̃diɾejtɐ,mandɾetu,mãw̃diɾejtɐ,,diɾejtu,dretu,diɾejtu,dɾetu,diɾejtu,dɾetu,diɾejtɐ,diɾetɐ,diɾejtɐ,dɾet,diɾejtɐ,dɾet,diɾejtɐ,dɾetu,diɾejtɐ,dɾetu,diɾejtɐ,dletu,diɾejtɐ,dɛɛta,diɾejtu,detu,diɾejtu,detu,diɾejtɐ,diɾejtɐ,diɾejtɐ,,deɾetʃu,dɾetʃi,deɾetʃo,deɾetʃa,deɾetʃu,deɾetʃu,deɾetʃu,deɾetʃu,deɾetʃu,diɾetʃa,dʀwɛt,dhɛt,dʀwɛt,dɾwa,dʀwɛt,dʁɛt,dʀwɛt,dwat,dʀwɛt,dwɛt,dʀwɛt,dwet,dʀwɛt,dwɛt,dʀwɛt,dɣwat,dʀwɛt,dʀɛt,dʀwɛt,dɣwat
river,riw,ɾʰibeɾ,riw,ʀi,riw,ɾi,riw,ɾiiʋ,riw,,riw,riw,riw,,riw,ɾiu,riw,ɾiw,ʀiw,ʀiw,ʀiw,ʀiw,riw,ɾiw,riw,ɾiw,riw,jo,ribejɾɐ,lubɛla,uriw,orjo,uriw,ojo,riw,riw,riw,,riw,ɾiw,rio,ɾio,riw,riw,riw,riju,riw,riw,laʀivjɛʀ,lahivje,ʀivjɛʀ,ɾivjɛ,laʀivjɛʀ,laʁivje,laʀivjɛʀ,laɣivjɛ,laʀivjɛʀ,laɣivjɛ,laʀivjɛʀ,laɣivjɛ,laʀivjɛʀ,larivjɛ,laʀivjɛʀ,laɣivjeɣ,laʀivjɛʀ,,laʀivjɛʀ,laɣivjɛɛ
road,kɐmiɲu,kami,kɐmiɲu,kamiɲ,kɐmiɲu,kamiŋ,kɐmiɲu,kamiim,kɐmiɲu,kamiɲə,ruɐ,rua,ruɐ,ɾua,ruɐ,kamiɲu,istɾadɐ,stɾadɐ,ʃtɾadɐ,ʃtɾadɐ,ʃtɾadɐ,ʃtɾadɐ,istɾadɐ,stɾadɐ,istɾadɐ,stɾadɐ,kɐmĩɲu,kamja,kɐmĩɲu,xamĩu,kɐmĩɲu,kumĩ,,mɔdja,kɐmiɲu,kɐmiɲu,kɐmiɲu,kamiɲu,kamiɲu,kaminda,kaʝe,kaje,kaminu,kaminu,kaminu,kaminu,kaminu,kaminu,ʃəmɛ̃,ʃimẽ,ʃəmɛ̃,ʃmẽ,ʃəmɛ̃,ʃimẽ,ʃəmɛ̃,ʃemẽ,ʃəmɛ̃,ʃimɛ̃,ʃəmɛ̃,ʃimɛ̃,ʃəmɛ̃,ʃimɛ̃,ʃəmɛ̃,simẽ,ʃəmɛ̃,semɛ̃,ʃəmɛ̃,semɛ̃
root,rɐis,ɾʰajs,rɐis,ʀajz,rɐis,ɾaiz,rɐis,ɾɛzə,rɐis,ɾoːt,rɐis,rais,rɐis,,rɐis,ɾais,rɐis,ɾɐis,ʀɐiʃ,ʀeiʃ,ʀɐiʃ,ʀeiʃ,rɐis,ɾais,rɐis,ɾais,rɐis,lɛʒi,rɐis,lɛze,rɐis,rɛʒi,,ndatʃi,rɐiʃ,ɾaiʃ,rɐiʃ,,rais,ɾais,rais,,rais,reis,rais,reis,rais,reis,ʀasin,hasin,ʀasin,ɾasin,ʀasin,ʁasin,ʀasin,ɣasin,ʀasin,ɣasin,ʀasin,ɣasin,ʀasin,wsin,ʀasin,ɣasin,ʀasin,ʀasin,ʀasin,ɣasin
rope,kɔɾdɐ,kɔɾd,kɔɾdɐ,kɔɾd,kɔɾdɐ,kɔɾd,kɔɾdɐ,kɔɔɾda,kɔɾdɐ,kɔɾdə,kɔɾdɐ,kodra,kɔɾdɐ,koɾda,kɔɾdɐ,koɾda,kɔɾdɐ,kɔɾdɐ,kɔɾdɐ,kɔɾdɐ,kɔɾdɐ,kɔɾda,kɔɾdɐ,kɔɾdɐ,kɔɾdɐ,kɔɾdɐ,kɔɾdɐ,kɔdɔ,kɔɾdɐ,xɔɔdɔ,kɔɾdɐ,kwaa,kɔɾdɐ,kɔdɔ,kɔɾdɐ,kɔɾdɐ,kɔɾdɐ,korda,liɲɐ,liɲa,kweɾða,,,mikati,,mikati,kweɾða,,kɔʀd,kɔd,kɔʀd,kɔɾd,kɔʀd,kɔʁd,kɔʀd,kɔd,kɔʀd,kɔd,kɔʀd,kɔd,kɔʀd,kɔd,lakɔʀd,lakoɣd,kɔʀd,kɔɔd,lakɔʀd,lakɔɔd
rotten,podɾi,pod,podɾi,pod,podɾi,pod,podɾi,poodɾi,podɾi,apodɾə,podɾi,podri,,amiz,fedeɾ,fedeɾ,podɾi,podɾi,podɾɨ,podɾ,podɾɨ,podɾ,podɾi,podɾi,podɾi,podɾi,podɾi,pɔdlɛ,podɾi,,podɾi,pode,podɾi,,podɾɨ,podɾi,podɾɨ,,putɾidu,putɾi,poðɾiðo,,poðɾiðu,pudɾidu,,bolok,,bulug,puʀi,puhi,puʀi,puɾi,puʀi,puʁi,puʀi,puɣi,puʀi,puɣi,puʀi,puɣi,puʀi,puwi,puʀi,puɣi,puʀi,,puʀi,puɣi
round,,gol,redõdu,ɾɛdɔn,redõdu,ɾɛdɔnd,,ɾɔnt,redõdu,ɾɛdondə,redõdu,rədonu,redõdu,,buladu,bulat,redõdu,ɾodõdu,ʀɨdõdu,,ʀɨdõdu,,redõdu,ɾudɔndu,redõdu,,redõdu,lɛ̃dɔ̃dɔ,redõdu,lɔdɔ̃da,redõdu,rɔdɔ̃dɔ,,kɔ̃dɔgaɾu,rɨdõdu,rɨdõdu,rɨdõdu,rodondu,redõdu,ɾondo,reðondo,,reðondu,redondu,reðondu,redondu,reðondu,ridondu,ʀɔ̃,hõ,ʀɔ̃,ɾõ,ʀɔ̃di,ʁõdi,ʀɔ̃,,ʀɔ̃,wɔ̃,ʀɔ̃,wɔ̃,ʀɔ̃,wɔ̃,ʀɔ̃,ɣõ,ʀɔ̃,ʀɔ̃,ʀɔ̃,ɣɔ̃
rub,masaʒjaɾ,masa,isfɾegaɾ,iʃpɾega,isfɾegaɾ,,rusaɾ,ɾusaa,rusaɾ,ɾub,rusaɾ,rusa,rusaɾ,rusa̹,rusaɾ,ɾusa,isfɾegaɾ,fɛɾgɐ,ɨʃfɾɨgaɾ,ʃfɾega,ɨʃfɾɨgaɾ,ʃfɾega,isfɾegaɾ,fɾega,isfɾegaɾ,fɾega,isfɾegaɾ,flɛga,isfɾegaɾ,fɛɛga,isfɾegaɾ,fɛga,isfɾegaɾ,fɛga,arɐɲaɾ,reia,isfɾegaɾ,ferga,isfɾegaɾ,fɾega,fɾotaɾ,,fɾotaɾ,,,kuskus,,kusu,fʀɔte,fote,fʀɔte,fɾote,fʀɔte,fʁote,fʀɔte,fɣote,fʀɔte,fwote,fʀɔte,fwote,fʀɔte,fote,fʀɔte,fɣote,fʀɔte,,fʀɔte,fɣote
salt,sal,sal,sal,sal,sal,sal,sal,saal,sal,sal,sal,sal,sal,,sal,sal,sal,sɐl,saɫ,sal,saɫ,sal,sal,sal,sal,sal,sal,salu,sal,salu,sal,usalu,sal,θalu,saɫ,saɫ,sal,sal,sal,salu,sal,,sal,sal,sal,sal,sal,sal,dysɛl,dʒisɛl,dysɛl,disɛl,sɛl,sɛl,sɛl,sɛl,sɛl,sɛl,sɛl,sɛl,sɛl,sel,dysɛl,disel,sɛl,sɛɛl,dysɛl,ɟisel
sand,,ɾeti,ɐɾejɐ,aɾe,ɐɾejɐ,aɾej,ɐɾejɐ,aɾiija,,baʀə,ɐrejɐ,aria,ɐrejɐ,,ɐrejɐ,aɾia,ɐrejɐ,ɾejɐ,ɐɾejɐ,eɾeɐ,ɐɾejɐ,aɾeɐ,ɐrejɐ,aɾejɐ,ɐrejɐ,aɾejɐ,ɐrejɐ,alja,ɐrejɐ,alɛa,ɐrejɐ,arja,,nθeke,ɐɾejɐ,rejɐ,ɐɾejɐ,ɾeɟa,,santu,aɾena,,aɾena,aɾena,aɾena,haɾena,aɾena,aɾena,bɑ̃sabl,bãsab,sabl,sab,sabl,,sabl,sab,sabl,sab,sabl,sab,sabl,sab,dysabl,disab,sabl,sab,dysabl,ɟisab
say,fɐlaɾ,hala,fɐlaɾ,fala,dizeɾ,dize,fɐlaɾ,falaa,fɐlaɾ,,fɐlaɾ,fala,fɐlaɾ,fala̜,fɐlaɾ,fala,fɐlaɾ,flɐ,dizeɾ,dze,dizeɾ,dze,fɐlaɾ,fɾɐ,fɐlaɾ,fɾɐ,fɐlaɾ,fla,fɐlaɾ,faa,fɐlaɾ,fa,fɐlaɾ,fa,fɐlaɾ,fala,fɐlaɾ,fala,abisaɾ,bisa,ablaɾ,abla,ablaɾ,abla,ablaɾ,bisa,ablaɾ,abla,diʀ,dʒi,diʀ,di,diʀ,di,diʀ,di,diʀ,ɟi,diʀ,ɟi,diʀ,di,diʀ,diɣ,diʀ,dii,diʀ,ɟii
scratch,ɐrɐɲaɾ,ɾʰãja,ɐrɐɲaɾ,ʀaɲa,ɐrɐɲaɾ,ɾaŋa,boraɾ,buɾaa,ɐrɐɲaɾ,ɾaɲæ,ɐrɐɲaɾ,raɲa,kusaɾ,kusa̜,kusaɾ,,kosaɾ,kosɐ,kusaɾ,kosa,kusaɾ,kosa,kosaɾ,kosɐ,kosaɾ,kosa,,fɔnɔ,kusaɾ,kusa,arɐɲaɾ,ɲanu,kosaɾ,kɔθa,arɐɲaɾ,raɲɐ,kosaɾ,kosa,araɲaɾ,huɲa,raskaɾ,,raskaɾ,raska,raskaɾ,raska,raskaɾ,raska,ɡʀate,ghate,ɡʀate,gɾate,ɡʀate,gʁate,ɡʀate,gɣate,gʀafiɲe,gɣafijɛ̃,gʀafiɲe,gɣafijɛ̃,kudgʀif,kudgwif,ɡʀate,gɣate,,ʀak,ɡʀate,gɣate
sea,maɾ,maɾ,maɾ,maɾ,maɾ,maɾ,maɾ,maaɾa,maɾ,maɾə,maɾ,mar,maɾ,maɾ,maɾ,maɾ,maɾ,maɾ,maɾ,maɾ,maɾ,maɾ,maɾ,maɾ,maɾ,maɾ,umaɾ,ɔmali,umaɾ,ɔmɛ,umaɾ,omwe,,miõgɐ,maɾ,maɾ,maɾ,maɾ,lamaɾ,laman,maɾ,,plaʝa,plaja,lamaɾ,lamaɾ,laplaʝa,aplaja,lamɛʀ,lasulamɛ,lamɛʀ,lamɛɾ,lamɛʀ,lãmɛ,lamɛʀ,lãmɛ,lamɛʀ,lãmɛ,lamɛʀ,lãmɛ,lamɛʀ,lãmɛ,lamɛʀ,lameɣ,lamɛʀ,lamɛʀ,lamɛʀ,lãmɛɛ
see,oʎaɾ,,oʎaɾ,,oʎaɾ,,oʎaɾ,ojaa,oʎaɾ,,oʎaɾ,ola,oʎaɾ,ola̜,oʎaɾ,ola,oʎaɾ,ɔdʒɐ,uʎaɾ,oja,uʎaɾ,ojɐ,oʎaɾ,odʒɐ,oʎaɾ,odʒa,βeɾ,be,βeɾ,be,βeɾ,ve,βeɾ,be,oʎaɾ,ɔdʒa,oʎaɾ,woɟa,miɾaɾ,miɾa,miɾaɾ,mina,miɾaɾ,miɾa,miɾaɾ,miɾa,miɾaɾ,miɾa,vwɛʀ,wɛ,vwaʀ,wa,vwɛʀ,wɛ,vwɛʀ,wɛ,vwɛʀ,wɛ,vwɛʀ,wɛ,vwɛʀ,wɛ,tʀuve,tɣuve,vwaʀ,waa,tʀuve,waa
seed,semẽti,simɛt,semẽti,siment,semẽti,simẽt,semẽti,,fɾutɐ,fɾujtɛ,semẽti,suminti,semẽti,,semẽti,sumenti,semẽti,simẽti,sɨmẽtɨ,smẽnt,sɨmẽtɨ,smẽt,semẽti,simẽti,semẽti,simẽti,semẽti,ʃimɛ̃tʃi,semẽti,ʃimɛ̃tʃi,semẽti,ʃimɛ̃tʃi,,ikwe,sɨmẽtɨ,simenti,gɾɐ̃w̃,garã,semiʎa,simia,semiʎa,,pepita,pipita,pepita,pipita,pepita,pipita,ɡʀɛn,ghɛn,ɡʀɛn,gɾẽn,ɡʀɛn,gʁɛn,ɡʀɛn,gɣẽn,ɡʀɛn,gɣɛ̃n,ɡʀɛn,gɣɛ̃n,ɡʀɛn,gwɛ̃n,laɡʀɛn,lagɣen,ɡʀɛn,gʀɛ̃,laɡʀɛn,lagɣɛ̃
sew,kuzeɾ,kudze,kustuɾaɾ,kuʃtɾa,kustuɾaɾ,,kuzeɾ,kuza,kuzeɾ,kuze,kuzeɾ,kuze,kostuɾaɾ,kostuɾa̹,kuzeɾ,kudʒi,kuzeɾ,kosi,kuzeɾ,kzɛ,kuzeɾ,kozɛ,kuzeɾ,koze,kuzeɾ,kozɛ,kuzeɾ,kloze,kuzeɾ,xoze,kuzeɾ,koze,kuzeɾ,koðe,kuzeɾ,kusi,kuzeɾ,kose,koseɾ,kose,koseɾ,,koseɾ,kusi,koseɾ,kuse,koseɾ,kuse,kudʀ,kud,kudʀ,koud,kudʀ,kud,kudʀ,kud,kudʀ,kud,kudʀ,kud,kudʀ,kud,kudʀ,kud,kudʀ,,kudʀ,kud
sharp,ɐgudu,agud,ɐgudu,agud,ɐgudu,,ɐgudu,aʋdu,ɐgudu,agud,ɐgudu,agudu,ɐgudu,,ɐgudu,agudu,ɐmoladu,moladu,ɐmuladu,molɔd,ɐmuladu,molɔd,ɐfjadu,fjadu,ɐfjadu,fjadu,ɐmoladu,mɔladu,koɾtadu,xɔtadu,ɐmoladu,,ɐmoladu,,ɐfjadu,,ɐfjadu,,,skɛɾpi,afilaðo,,aɣuðu,agudu,aɣuðu,agudu,finu,pinu,afyte,fite,kupɑ̃,kupã,afyte,,,file,file,file,file,file,file,file,afyte,fite,afyte,,afyte,fite
short,kuɾtu,kuɾt,kuɾtu,kuɾt,kuɾtu,kuɾt,kuɾtu,kuuɾtu,kuɾtu,kuɾtə,kuɾtu,kutru,,bantu,kuɾtu,kuɾtu,kuɾtu,kuɾtu,kuɾtu,kuɾt,kuɾtu,kuɾt,kuɾtu,kuɾtu,kuɾtu,kuɾtu,kuɾtu,kutu,kuɾtu,kuutu,kuɾtu,kutu,kuɾtu,kutu,kuɾtu,kuɾtu,kuɾtu,kuɾtu,koɾtu,kɔɾtiku,koɾto,koto,koɾtu,koɾtu,koɾtu,koɾtu,koɾtu,koɻtu,kuʀ,kut,kuʀ,kuɾt,kuʀt,kuʁt,kuʀt,kut,tupəti,tupici,kuʀt,kut,kuʀt,kut,kuʀ,kuɣ,kuʀ,,kuʀ,kuut
sing,kɐ̃taɾ,kata,kɐ̃taɾ,kanta,kɐ̃taɾ,kanta,kɐ̃taɾ,kantaa,kɐ̃taɾ,kantɛ,kɐ̃taɾ,kanta,kɐ̃taɾ,,kɐ̃taɾ,kanta,kɐ̃taɾ,kantɐ,kɐ̃taɾ,kɐ̃ntaɾ,kɐ̃taɾ,kãta,kɐ̃taɾ,kãtɐ,kɐ̃taɾ,kãtɐ,kɐ̃taɾ,kɐ̃ta,kɐ̃taɾ,xɐ̃nta,kɐ̃taɾ,kɐ̃ta,kɐ̃taɾ,kata,kɐ̃taɾ,kãntɐ,kɐ̃taɾ,kanta,kantaɾ,kanta,kantaɾ,kanda,kantaɾ,kanta,kantaɾ,kanta,kantaɾ,kanta,ʃɑ̃te,ʃãnte,ʃɑ̃te,ʃãte,ʃɑ̃te,ʃãte,ʃɑ̃te,ʃãte,bajelavwa,bajlavwa,ʃɑ̃te,ʃãte,ʃɑ̃te,ʃãte,ʃɑ̃te,sãte,ʃɑ̃te,,ʃɑ̃te,sãte
sit,sẽtaɾ,sata,sẽtaɾ,santa,sẽtaɾ,sẽta,sẽtaɾ,santaa,sẽtaɾ,santɛ,sẽtaɾ,santa,sẽtaɾ,senta̜,sẽtaɾ,santa,sẽtaɾ,ʃĩtɐ,sẽtaɾ,sẽnta,sẽtaɾ,sẽta,sẽtaɾ,sĩtɐ,sẽtaɾ,sĩta,estaɾsɔ,tasɔ̃,sẽtaɾ,sẽta,estaɾsɔ,tusɐ̃,estaɾsɔ,taθɔ,sẽtaɾ,sintɐ,sẽtaɾ,sinta,sẽtaɾ,sĩta,sentaɾse,senta,sentaɾ,sinta,sentaɾ,sinta,sentaɾ,sinta,asi,asi,asi,asit,asi,asi,,ʃita,asi,size,asi,size,asi,asid,asi,asize,asi,asize,asi,asize
skin,pɛli,pɛl,pɛli,pel,pɛli,pɛl,pɛli,pɛɛli,pɛli,pæli,pɛli,pɛli,pɛli,pele,pɛli,peli,pɛli,pɛli,pɛɫɨ,pel,pɛɫɨ,pɛl,pɛli,pɛli,pɛli,pɛli,pɛli,pɛli,pɛli,pɛli,pɛli,pɛli,pɛli,pɛli,pɛɫɨ,pɛlɪ,pɛlɨ,,kweru,kweɾu,pjel,,abiliðad,abilidad,peʎexu,piljehu,peʎexu,piʎehu,lapo,lapo,lapo,lapo,lapo,lapo,po,po,lapo,lapo,lapo,lapo,lapo,lapo,lapo,lapo,po,po,lapo,lapo
sky,sɛws,sews,sɛw,sɛw,sɛw,sɛw,sɛw,sɛɛʋ,,heaven,,sew,sɛw,kɛu,sɛw,seu,sɛw,sɛw,sɛw,sɛw,sɛw,sɛw,sɛw,sɛw,sɛw,sɛw,usɛw,ɔsɛ,usɛw,ɔsɛ,usɛw,ɔsɛ,usɛw,ɔθɛ,sɛw,sɛw,sɛw,,sjelu,ʃelu,sjelo,sjelo,sjelu,sjelu,sjelu,sjelu,sjelu,sjelu,sjɛl,siɛl,sjɛl,sjɛl,sjɛl,sjɛl,ləsjɛl,lesjɛl,sjɛl,siel,sjɛl,sjɛl,sjɛl,sjɛl,ləsjɛl,lesjel,ləsjɛl,,ləsjɛl,lesjel
sleep,duɾmiɾ,duɾmi,duɾmiɾ,duɾmi,duɾmiɾ,duɾmi,duɾmiɾ,dɾumii,duɾmiɾ,dɾumi,duɾmiɾ,durmi,duɾmiɾ,duɾmi,duɾmiɾ,dɾumi,duɾmiɾ,dɾumi,duɾmiɾ,duɾmi,duɾmiɾ,duɾmi,duɾmiɾ,dɾumi,duɾmiɾ,duɾmi,duɾmiɾ,dumini,duɾmiɾ,dʒjuni,duɾmiɾ,dimi,duɾmiɾ,dumi,duɾmiɾ,durmɪ,duɾmiɾ,durmi,doɾmiɾ,dɾumi,ðoɾmiɾ,ndɾumi,doɾmiɾ,duɾmi,doɾmiɾ,duɾmi,doɾmiɾ,duɻmi,dɔʀmiʀ,dhɔmi,dɔʀmiʀ,dɔɾmi,dɔʀmiʀ,,dɔʀmiʀ,dɔmi,dɔʀmiʀ,dɔmi,dɔʀmiʀ,dɔmi,dɔʀmiʀ,dɔmi,dɔʀmiʀ,doɣmiɣ,dɔʀmiʀ,dɔɔmi,dɔʀmiʀ,dɔɔmi
small,pikenu,piken,pikenu,piken,pikenu,piken,pikininu,pikiniim,pikininu,piken,pikininu,keninu,pikininu,sajkɔ,pikininu,peklinu,pikinɔti,pikinɔti,pikininu,peknin,pikininu,pikinin,pikenu,pikenu,pikinɔti,pikinɔti,,tʃɔkɔ,,kete,,tʃɔkɔlɔ,,tʃɔ,pikininu,pikininu,pikininu,pikininu,tʃikitu,tʃikitu,pekeɲo,,tʃikitu,tʃikito,tʃikitu,tʃikitiŋ,,djutay,pəti,pitʃi,pəti,ti,pəti,ti,pəti,piti,pəti,ci,pəti,ci,pəti,piti,pəti,ti,pəti,ti,pəti,ci
smell,ʃejɾuβiɾ,tʃeɾʋi,tʃejɾaɾ,tʃeɾa,tʃejɾaɾ,tʃeɾa,tʃejɾaɾ,tʃeɾaa,tʃejɾaɾ,tʃeɾə,tʃejɾaɾ,tʃera,tʃejɾaɾ,tʃeɾa̹,tʃejɾaɾ,tʃeɾa,tʃejɾaɾ,keɾɐ,tʃejɾaɾ,tʃeɾɛ,tʃejɾaɾ,tʃeɾɛ,tʃejɾaɾ,tʃeɾɐ,tʃejɾaɾ,tʃeɾɐ,tʃejɾaɾ,sɛla,tʃejɾaɾ,sɛla,tʃejɾaɾ,sɛra,tʃejɾaɾ,θɛla,tʃejɾaɾ,tʃɛɾɐ,tʃejɾaɾ,ceɾa,oleɾ,ole,oleɾ,,oleɾ,uli,oleɾ,ule,oleɾ,ule,sɑ̃tiʀ,sãntʃi,sɑ̃tiʀ,sãti,sɑ̃tiʀ,sãti,sɑ̃tiʀ,sãti,pʀɛ̃lodœʀ,pɣãlodɛ,pʀɛ̃lodœʀ,pɣãlodɛ,lodœʀ,lɔde,sɑ̃tiʀ,sãti,sɑ̃tiʀ,,sɑ̃tiʀ,sãci
smoke,fumu,fum,fumu,fum,fumu,fum,fumu,fuumu,fumu,fumə,fumu,fumu,fumu,fumu,fumu,fuma,fumu,fumɐ,fumu,fum,fumu,fma,fumu,fumu,fumu,fumɐ,,igligu,,igogo,,igigu,,iligu,fumu,fumɐ,fumu,,humaɾ,huma,umo,,umu,puma,umu,umu,umu,umu,lafyme,lafimi,bukan,bukãn,lafyme,lafimẽ,lafyme,lãfimẽ,lafyme,lafimɛ̃,lafyme,lafimɛ̃,lafyme,lafime,lafyme,lafime,lafyme,fime,lafyme,lafime
smooth,lizu,lidz,lizu,liz,lizu,,lizu,litʃiin,lizu,,lizu,,lizĩɲu,litʃiŋ,lizĩɲu,,lizu,lizu,lizu,lis,lizu,liz,lizu,lizu,lizu,lizu,lizu,,,pɔtɔpɔtɔ,,pɛtɛ,lizu,,lizu,,lizu,lisu,lizu,lizu,liso,,lisu,lisu,resβalosu,rebalosu,lisu,lisu,lis,lis,plɔ̃ʒ,plõʒ,lis,lis,lis,lis,lis,lis,lis,lis,lis,lis,lis,lis,lis,,maʀbʀe,maabɣe
snake,kɔbɾɐ,kɔb,kɔbɾɐ,kɔb,kɔbɾɐ,kɔb,kɔbɾɐ,koobeɾ,kɔbɾɐ,kɔbɾə,kɔbɾɐ,kobra,kɔbɾɐ,kobɾa,kɔbɾɐ,kobɾa,kɔbɾɐ,kɔbɾɐ,kɔbɾɐ,kobɾa,kɔbɾɐ,kɔbɾɐ,kɔbɾɐ,kobɾɐ,kɔbɾɐ,kobɾɐ,kɔbɾɐ,kɔblɔ,kɔbɾɐ,xobolo,kɔbɾɐ,kɔbɔ,,kiõgo,kɔbɾɐ,kobra,kɔbɾɐ,kobɾa,koleβɾa,kolebɾa,gwaɾðakamino,gwaddakamino,kuleβɾa,kulebɾa,kuleβɾa,kulebɾa,kuleβɾa,kulebɾa,sɛʀpɑ̃,seapã,sɛʀpɑ̃,sɛɾpã,sɛʀpɑ̃,seʁpã,sɛʀpɑ̃,sɛpã,sɛʀpɑ̃,sɛpã,sɛʀpɑ̃,sɛpã,sɛʀpɑ̃,sɛpã,sɛʀpɑ̃,seɣpã,sɛʀpɑ̃,,sɛʀpɑ̃,sɛɛpã
snow,,bəɾəf,ʒelu,dʒel,ʒelu,,ʒelu,,,ajs,,,,,nɛvi,nevi,nɛvi,nevi,nɛvɨ,nev,nɛvɨ,nɛv,nɛvi,nevi,nɛvi,nevi,nɛvi,,nɛvi,nɛvi,nɛvi,,nɛvi,,nɛβɨ,,nɛβɨ,,,snew,njeβe,,njeβi,njebi,njeβi,njebi,njeβi,,nɛʒ,,nɛʒ,nɛʒ,nɛʒ,,lanɛʒ,lanɛʒ,lanɛʒ,laglas,lanɛʒ,lanɛʒ,lanɛʒ,lãeʒ,lanɛʒ,lanez,lanɛʒ,,lanɛʒ,lãnɛz
some,alɡũ,angu,alɡũ,algũ,alɡũ,ãgu,alɡũ,aluŋ,alɡũ,,,kalteŋ,kwɐ̃tu,kwantu,kwɐ̃tu,aluŋ,algũ,ɐlgũ,kojziɲɐ,kziɲɐ,ũʃ,ũʃ,algũ,ũpoku,ũpowku,ũpoku,ũɐdojs,ũadosu,,almidudʒi,ũɐdojs,,ũɐdojs,,aɫgũʃ,aɫgũʃ,algũʃ,,algun,algun,algun,,poku,poku,poku,pukitiŋ,algun,algun,,unde,kɛlk,kɛk,kɛlk,kɛk,kɛlk,kɛk,œ̃dø,jɔ̃nde,œ̃dø,jɔ̃nde,,tibrɛ̃,,detɣwa,kɛlk,,œ̃pø,ɛ̃pe
spit,kuspiɾ,kuspi,kuspiɾ,kuspi,kuspiɾ,kuspi,kuspiɾ,kuspii,kuspiɾ,kuspi,kuspiɾ,kuspi,kuspiɾ,kuspi,pĩtʃaɾkuspi,pintʃakuspi,kuspiɾ,kuspi,kuʃpiɾ,kʃpi,kuʃpiɾ,kuʃpi,kuspiɾ,kuspi,kuspiɾ,guspi,kuspiɾ,kupi,kuspiɾ,,kuspiɾ,kupi,kuspiɾ,kupi,kuʃpiɾ,kuʃpi,kuʃpiɾ,,eskupiɾ,skupi,eskupiɾ,kupi,eskupiɾ,iskupi,eskupiɾ,iskuptja,eskupiɾ,iskupi,kʀaʃe,khaʃe,kʀaʃe,kɾaʃe,kʀaʃe,kʁaʃe,kʀaʃe,kɣaʃe,kʀaʃe,kɣaʃe,kʀaʃe,kɣaʃe,kʀaʃe,kwaʃa,kʀaʃe,kɣase,kʀaʃe,,kʀaʃe,kɣase
split,ɐbɾiɾ,abɾi,ɐbɾiɾ,abɾi,ɐbɾiɾ,,ɐbɾiɾ,,ɐbɾiɾ,,fẽdeɾ,fende,fẽdeɾ,fende,fẽdeɾ,fendi,pɐɾtiɾ,pɐti,rɐtʃaɾ,rɐtʃa,rɐtʃaɾ,ʀɐtʃa,rɐtʃaɾ,ɾɐtʃa,rɐtʃaɾ,ɾɐtʃa,dividiɾ,dividi,lɐskaɾ,lasa,tɐʎaɾ,tɔlɔ,tɐʎaɾ,taja,diβidiɾ,dividi,diβidiɾ,,sepaɾaɾ,sepaɾa,diβiðiɾ,ɾibiɾi,rompeɾ,rumpi,paɾtiɾ,paɾti,diβiðiɾ,dividi,sepaʀe,sepahe,fɑ̃dʀ,fãn,sepaʀe,sepaʁe,fɑ̃dʀ,fãn,fɑ̃dʀ,fãn,fɑ̃dʀ,fãn,fɑ̃dʀ,fãn,fɑ̃dʀ,fan,fɑ̃dʀ,,fɑ̃dʀ,fãn
squeeze,ispɾemeɾ,ispərme,ispɾemeɾ,iʃprəme,ispɾemeɾ,,ispɾemeɾ,ispɾome,ispɾemeɾ,,,bakwa,,katʃipia̹,,,ispɾemeɾ,spɾemi,ʃpɾɨmeɾ,ʃpreme,ʃpɾɨmeɾ,ʃpɾeme,ispɾemeɾ,spɾeme,ispɾemeɾ,spɾeme,ispɾemeɾ,pleme,ɐpeɾtaɾ,peeta,ispɾemeɾ,peme,ɐpeɾtaɾ,pɛta,espɾemeɾ,peɾmi,ɐpeɾtaɾ,mpeɾta,pɾemiɾ,pɾimi,apɾetaɾ,,espɾemeɾ,ispɾimi,espɾemeɾ,tʃaka,espɾemeɾ,,seʀe,sehe,kwɛ̃se,kwẽse,seʀe,seʁe,seʀe,seɣe,seʀe,seɣe,seʀe,seɣe,seʀe,sewe,seʀe,seɣe,seʀe,,seʀe,pɣese
stab,fuɾaɾ,fuɾa,fuɾaɾ,fuɾa,fuɾaɾ,fuɾa,fuɾaɾ,fiɾi,,tʃutʃɛ,fizgaɾ,fizga,isfakjaɾ,fakia̹,isfakjaɾ,,daɾkõfakɐ,dɐ ku fakɐ,ʃfɐkjaɾ,ʃfkja,daɾdɨfakɐ,dadfakɐ,daɾkõfakɐ,dɐkufakɐ,daɾkõfakɐ,dɐkufakɐ,daɾfakɐ,dafaka,daɾfakɐ,,daɾfakɐ,,daɾfakɐ,,ɐpuɲɐlaɾ,puɲɛlɐ,ɐpuɲɐlaɾ,,hinkaɾ,hinka,apuɲalaɾ,,apuɲalaɾ,,apuɲalaɾ,,apuɲalaɾ,sagsag,pwaɲaʀde,,pike,pike,pike,pike,,futjunkudkuto,pɛʀse,pɛse,pɛʀse,pice,pwaɲaʀde,pɔ̃jade,pwaɲaʀde,pwagnaɣde,pwaɲaʀde,,pwaɲaʀde,pike
stand,ẽpɛ,ipetɛ,fikaɾẽpɛ,fikaimpe,ẽpɛ,ẽpe,ẽpɛ,impɛ,ẽpɛ,impɛ,ẽpɛ,impe,ẽpɛ,empe,ẽpɛ,empe,levɐ̃taɾ,lɐbɐ̃tɐ,lɨvɐ̃taɾ,lvãnta,lɨvɐ̃taɾ,levɐ̃ta,,sɐke,,sɐke,,mũdʒa,levãtaɾ,lããta,,mũdja,levãtaɾ,lata,,jɐ̃dɐ,,sikidu,paɾaɾ,paɾa,leβantaɾ,,leβantaɾ,libanta,leβantaɾ,libanta,leβantaɾ,libanta,sələve,leve,kɑ̃pe,kãpe,sələve,leve,kɑ̃pe,kãpe,ləve,leve,ləve,leve,dəbu,dubut,,dibute,,debute,dəbu,ɟibut
star,istɾelɐ,istɾel,istɾelɐ,istɾel,istɾelɐ,istɾel,istɾelɐ,istɾɛɛla,istɾelɐ,ɪstɾɛlə,istɾelɐ,strela,istɾelɐ,estɾela,istɾelɐ,istɾela,istɾelɐ,stɾɛla,ʃtɾelɐ,ʃtɾelɐ,ʃtɾelɐ,ʃtɾela,istɾelɐ,stɾela,istɾelɐ,stɾela,istɾelɐ,ʃtlɛlɐ,istɾelɐ,tɛɛla,istɾelɐ,ʃtɛlɐ,istɾelɐ,tetẽbu,ʃtɾelɐ,ʃtrelɐ,ʃtɾelɐ,,estɾeʎa,stɾea,estɾeʎa,,estɾeʎa,estɾelja,estɾeʎa,estɾelja,estɾeʎa,istɾeʎa,dezetwɛl,zɛtwɛl,etwal,etwal,dezetwɛl,zetwɛl,dezetwal,etwal,dezetwɛl,zetwɛl,dezetwɛl,zetwal,etwal,etwal,dezetwal,zetwal,dezetwal,zetwal,dezetwal,zetwal
stick,paw,paw,paw,paw,paw,paw,paw,paaʋ,kɐnɐ,kanə,paw,paw,paw,pau,paw,paw,paw,pɔ,ɨʃpetu,ʃpet,paw,paw,paw,po,paw,po,paw,pɔ,,buudã,paw,upa,paw,pɔ,paw,pɔ,paw,po,palu,palu,palo,palo,kaɲa,kanja,palu,palu,kaɲa,palitu,bɑtɔ̃,batõ,bɑtɔ̃,batõ,bɑtɔ̃,batõ,bɑtɔ̃,batõ,bɑtɔ̃,batɔ̃,bwa,bwa,bɑtɔ̃,batɔ̃,bɑtɔ̃,batõ,bɑtɔ̃,,bɑtɔ̃,batɔ̃
stone,pɛdɾɐ,pɛd,pɛdɾɐ,pɛd,pɛdɾɐ,pɛd,pɛdɾɐ,pɛɛdɾa,pɛdɾɐ,pædɾə,pɛdɾɐ,pedra,pɛdɾɐ,pedɾa,pɛdɾɐ,pedɾa,pɛdɾɐ,pɛdɾɐ,pɛdɾɐ,pɛdɾa,pɛdɾɐ,pɛdɾɐ,pɛdɾɐ,pedɾa,pɛdɾɐ,pedɾa,,budu,,budu,,ubudu,,budu,pɛdɾɐ,pɛdɾɐ,pɛdɾɐ,pedɾa,pjeðɾa,pjeda,pjeðɾa,pjedɾa,pjeðɾa,pjedɾa,pjeðɾa,pjedɾa,pjeðɾa,pjedɾa,ʀɔʃ,hɔʃ,kaju,kaju,ʀɔʃ,ʁɔʃ,ʀɔʃ,ɣoʃ,ʀɔʃ,ɣoʃ,ʀɔʃ,ɣoʃ,pjɛʀ,pjɛ,ʀɔʃ,ɣos,ʀɔʃ,ʀɔs,ʀɔʃ,ɣos
straight,diɾejtu,dɾɛtuɾ,diɾejtu,dɾet,diɾejtu,dɾet,diɾejtu,dɾeetu,diɾejtu,dɾɛtə,istɾejtu,stretu,istɾejtu,,,luɾus,rɛtu,ɾetu,ʀɛtu,ʀet,ʀɛtu,ʀet,rɛtu,ɾetu,rɛtu,ɾetu,direjtu,dletu,direjtu,deetu,direjtu,deetu,direjtu,deetu,diɾejtu,diɾitu,diɾejtu,,,diɾɛkt,rekto,,deɾetʃu,deɾetʃu,deɾetʃu,deɾetʃu,deɾetʃu,deɾetʃu,dʀwɛ,dhɛt,dʀwa,dɾwat,dʀwɛ,dʁɛt,dʀwa,dwat,dʀwɛ,dwɛt,dʀwɛ,dwɛt,dʀwɛ,dwet,dʀwa,dɣwat,dʀwa,,tudʀwa,tudɣwat
suck,mɐmaɾ,mamada,tʃupaɾ,tʃupa,tʃupaɾ,,tʃupaɾ,tʃupaa,tʃupaɾ,tʃupɛ,tʃupaɾ,tʃupa,tʃupaɾ,tʃupa,tʃupaɾ,tʃupa,tʃupaɾ,tʃupɐ,tʃupaɾ,tʃpa,tʃupaɾ,tʃpa,tʃupaɾ,tʃupɐ,tʃupaɾ,tʃupa,tʃupaɾ,supa,tʃupaɾ,supa,tʃupaɾ,supa,tʃupaɾ,θupa,tʃupaɾ,tʃupa,tʃupaɾ,cupa,tʃupaɾ,tʃupa,tʃupaɾ,,tʃupaɾ,tʃupa,mamaɾ,mama,mamaɾ,mama,syse,suse,syse,sise,syse,suse,syse,suse,syse,sise,syse,sise,syse,suse,syse,suse,syse,,syse,sise
sun,sɔl,sɔl,sɔl,sɔl,sɔl,sɔl,sɔl,sɔɔl,sɔl,sɔl,sɔl,sol,sɔl,sɔl,sɔl,,sɔl,sol,sɔl,sol,sɔl,sol,sɔl,sol,sɔl,sol,sɔl,sɔlɔ,sɔl,sɔlɔ,sɔl,usɔlu,sɔl,θɔlɔ,sɔl,sɔl,sɔl,sol,sol,solo,sol,,sol,sol,sol,sol,sol,sol,sɔlɛj,solej,sɔlɛj,solej,sɔlɛj,solej,sɔlɛj,solɛj,sɔlɛj,solɛj,sɔlɛj,solɛj,sɔlɛj,sɔlɛj,sɔlɛj,solej,sɔlɛj,solɛj,sɔlɛj,solej
swell,ĩtʃaɾ,itʃa,ĩtʃaɾ,intʃa,ĩtʃaɾ,ĩtʃa,ĩtʃaɾ,intʃa,ĩtʃaɾ,intʃə,fikaɾĩtʃadu,fikaintʃadu,fikaɾĩtʃadu,,fikaɾĩtʃadu,,ĩtʃaɾ,ĩtʃɐ,ĩtʃaɾ,ĩtʃa,ĩtʃaɾ,ĩtʃa,ĩtʃaɾ,ĩtʃɐ,ĩtʃaɾ,ĩtʃɐ,fumaɾ,fuma,fumaɾ,fuma,fumaɾ,fuma,fumaɾ,fuma,ĩʃaɾ,,ĩʃaɾ,,intʃaɾ,intʃa,intʃaɾse,,intʃaɾ,intʃa,intʃaðu,intʃaw,intʃaɾ,intʃa,ɡɔ̃fle,ghõfle,ɡɔ̃fle,gõfle,ɡɔ̃fle,gõfle,ɑ̃fle,ãfle,ɑ̃fle,ãfle,ɑ̃fle,ãfle,ɑ̃fle,ãfle,ɑ̃fle,ãfle,ɑ̃fle,,ɑ̃fle,
swim,nɐdaɾ,nada,nɐdaɾ,nada,nɐdaɾ,nada,nɐdaɾ,nada,nɐdaɾ,,nɐdaɾ,nada,nɐdaɾ,nada̹,nɐdaɾ,nada,nɐdaɾ,nadɐ,nɐdaɾ,nɐda,nɐdaɾ,nada,nɐdaɾ,nɐdɐ,nɐdaɾ,nadɐ,nɐdaɾ,lɐ̃da,nɐdaɾ,laanta,nɐdaɾ,lɐ̃da,nɐdaɾ,lɐ̃da,nɐdaɾ,nadɐ,nɐdaɾ,nada,nadaɾ,landa,naðaɾ,,naðaɾ,nada,naðaɾ,nada,naðaɾ,nada,naʒe,naʒe,naʒe,naʒe,naʒe,naʒe,naʒe,naʒe,naʒe,naʒe,naʒe,naʒe,naʒe,naʒe,naʒe,naze,naʒe,nazɛ,naʒe,nazɛɛ
tail,rabu,ɾʰab,rabu,ʀab,rabu,ɾab,rabu,ɾaʋ,rabu,ɾabə,rabu,rabu,rabu,rabu,rabu,ɾabu,rabu,ɾabu,ʀabu,ʀɔb,ʀabu,ʀɔb,rabu,ɾabu,rabu,ɾabu,rabu,labu,rabu,labu,rabu,urabu,rabu,labu,kawdɐ,,rabu,rabu,rabu,ɾabu,rabo,labo,rabu,rabu,rabu,rabu,rabu,rabu,lakø,laʃo,kø,ke,kø,tʃo,kø,ke,lakø,lace,lakø,lace,lakø,laʧe,lakø,lake,lakø,lake,lakø,lake
that,ɐkeli,akə,ɐkeli,akel,ɐkeli,ikəl,ɐkeli,aka,ɐkeli,akəl,ɐkeli,ki,ɐkɛlɐũɐ,akuŋa,ɐkeli,akelu,ɐkelila,kel la,ɐkelɨ,kel,ɐkelɨ,kel,ɐkelila,kella,ɐkeli,kel,ɐkeli,ke,ɐkeli,ʃiki,ɐkeli,ki,ɐkeli,,ɐkelila,kelɐ,ɐkelila,kella,ese,esei,akel,ake,akel,akel,akel,kalja,akel,akel,sa,sa,sa,sa,sa,sa,səla,sila,sa,sa,lotʀəla,lotla,sə,se,sa,sa,sa,sa,sa,sa
there,ɐli,ali,ɐli,ali,ɐli,ali,la,alaa,la,ali,ɐli,nali,ɐli,ali,ɐli,ala,ɐli,la,la,la,la,la,la,la,la,la,ɐla,ala,ɐla,ala,la,la,la,la,la,la,la,la,aʎa,aja,aʎa,ai,aʎa,alja,aʎa,aji,aʎa,aʎa,la,la,la,la,la,la,la,la,la,la,la,la,la,la,laba,laba,laba,,la,la
they,elis,elo,elis,elz,elis,elz,elis,etus,elis,olot,eliowtɾu,olotu,eliowtɾu,olotɾu,ʒẽtiɐka,dʒentiaka,elis,es,eɫɨʃ,eʃ,eɫɨʃ,es,elis,es,elis,ezi,,ine,,ɛnɛ,,inɛ,,ɛnɛ,elis,elis,elis,ɟelus,,nan,,ane,eʎus,ilus,eʎusotɾus,lotɾu,eʎus,sila,il,je,il,je,il,je,ø,jo,ø,jo,ø,jo,ø,jo,lezotʀ,zot,lezotʀla,zotla,lezotʀ,zot
thick,gɾosu,gɾos,gɾosu,gɾos,gɾosu,gɾos,gɾosu,gɾoosu,gɾosu,gɾosə,gɾosu,grosu,gɾosu,gɾo̹so,,tebal,gɾosu,gɾɔs,gɾosu,gɾos,gɾosu,gɾos,gɾosu,gɾɔs,gɾosu,gɾosu,gɾosu,glɔsu,gɾosu,gɔɔsu,gɾosu,gɔsu,,nɛtaɾu,gɾosu,gɾɔs,gɾosu,gɾos,goɾdo,goɾdo,gɾweso,,gɾwesu,gɾwesu,gɾwesu,gɾwesu,gɾwesu,gɾwesu,epɛ,pɛs,epɛ,epe,epɛ,epɛs,epɛ,epe,epɛ,epe,epɛ,epe,epɛ,epe,epɛ,epe,epɛ,,epɛ,epe
thin,ralu,ɾʰal,ralu,ʀal,finu,fin,finu,finu,finu,finə,finu,finu,magɾu,magɾu,magɾu,magɾi,finu,finu,finu,fin,finu,fin,finu,finu,finu,finu,delgadu,dlɛgadu,delgadu,dɛɛgadu,finu,finu,magɾu,mɐ̃gu,finu,,delgadu,dalgadu,delgaðu,delega,delgaðo,ɾeggao,finu,pinu,flaku,plaku,finu,pinu,mɛɡʀ,mɛg,fɛ̃,fẽ,mɛɡʀ,mɛg,mɛ̃s,mẽs,fɛ̃,fɛ̃,fɛ̃,fɛ̃,mɛ̃s,mɛ̃s,mɛ̃s,mẽs,mɛɡʀ,mɛg,mɛ̃s,mɛ̃s
think,,ʋitʃaɾhedze,pẽsaɾ,pensa,pẽsaɾ,pẽsa,lẽbɾaɾ,lembɾa,lẽbɾaɾ,lembɾa,pẽsaɾ,pensa,,rena̜,lẽbɾaɾ,lembɾa,pẽsaɾ,pẽsɐ,pẽsaɾ,pẽnsa,pẽsaɾ,pẽsa,pẽsaɾ,pẽsɐ,pẽsaɾ,pẽsɐ,pẽsaɾ,pɛ̃sa,pẽsaɾ,pẽsa,pẽsaɾ,pẽsa,pẽsaɾ,pɛ̃θa,lẽbɾaɾ,lẽbɾa,lẽbɾaɾ,,pensaɾ,pensa,pensaɾ,pensa,pensaɾ,pinsa,pensaɾ,pensa,pensaɾ,pensa,imaʒine,maʒine,ʒɔ̃ɡle,ʒõŋgle,pɑ̃se,pãse,pɑ̃se,pãse,sɔ̃ʒe,sɔ̃ʒe,sɔ̃ʒe,sɔ̃ʒe,sɔ̃ʒe,pãse,imaʒine,mazine,imaʒine,mazine,imaʒine,pãse
this,,je,esti,es,esti,es,esti,isti,esti,isti,esti,isti,ɛstɐũɐ,istuŋa,ɛstɐ,esta,ɐkelilɐli,kel li,ɐkelɐi,kelei,esɨ,es,ɐkelilɐli,kelli,ɐkeliɐli,kelli,isuɐki,isaki,isuɐki,isala,isuɐki,,isuɐki,,esɨ,ɛs,esi,es,estiaki,esaki,este,ese,esti,este,esti,esti,esti,esti,sa,sa,sa,sa,sa,sa,sa,sa,cəci,si,cəla,tala,cəla,sala,sa,sa,sa,sa,sa,sa
three,tɾes,tɾej,tɾes,tɾej,tɾes,tɾej,tɾes,tɾees,tɾes,tɾesə,tɾes,tres,tɾes,tɾes,tɾes,tɾes,tɾes,tɾɛs,tɾeʃ,tɾeʃ,tɾeʃ,tɾeʃ,tɾes,tɾes,tɾes,tɾes,tɾes,tleʃi,tɾes,teeʃi,tɾes,teeʃi,tɾes,teeʃi,tɾes,tɾes,tɾes,tres,tɾes,tɾes,tɾes,tɾes,tɾes,tɾes,tɾes,tɾes,tɾes,,tʀwɑ,thwa,tʀwɑ,tɾwa,tʀwɑ,tʁwa,tʀwɑ,,tʀwɑ,twa,tʀwɑ,twa,tʀwɑ,twa,tʀwɑ,tɣwa,tʀwɑ,tʀwa,tʀwɑ,tɣwa
throw,ɐtiɾaɾ,atɾa,ɐtiɾaɾ,atɾa,ɐtiɾaɾ,atəɾa,pĩtʃaɾ,pintʃaa,pĩtʃaɾ,,pĩtʃaɾ,pintʃa,ɐtiɾaɾ,atiɾa̜,pĩtʃaɾ,pintʃa,daɾ,djɐ,ɐʀɪɨmɨsaɾ,ʀemesa,lɐ̃saɾ,bta,daɾ,botɐ,daɾ,botɐ,ʒugaɾ,zuga,ʒugaɾ,zugwa,ʒugaɾ,zuga,ʒugaɾ,ðuga,mɐ̃daɾ,mɐ̃da,botaɾ,bota,tiɾaɾ,tiɾa,etʃaɾ,etʃa,botaɾ,buta,tiɾaɾ,tiɾa,botaɾ,buta,ʒəte,ʒite,ɡaʀɔʃe,gaɾoche,ʒəte,,ʒəte,ʒəte,laʀʒeatɛʀ,laɟeatɛ,ʒəte,ʒete,ʒəte,ʒete,ʒəte,zete,ʒəte,,ʒəte,zete
tie,ɐmɐraɾ,mhaɾa,ɐmɐraɾ,maʀa,ɐmɐraɾ,aməɾa,ɐmɐraɾ,maɾaa,ɐmɐraɾ,maɾɛ,ɐmɐraɾ,mara,ɐmɐraɾ,maɾa̹,ɐmɐraɾ,maɾa,ɐmɐraɾ,maɾɐ,ɐmɐʀaɾ,mɐʀa,ɐmɐʀaɾ,maʀa,ɐmɐraɾ,maɾɐ,ɐmɐraɾ,maɾɐ,ɐmɐraɾ,mala,ɐmɐraɾ,mala,ɐmɐraɾ,mara,ɐmɐraɾ,maa,ɐmɐraɾ,mara,ɐmɐraɾ,,amaraɾ,maɾa,amaraɾ,mala,amaraɾ,amara,amaraɾ,maʰra,amaraɾ,amaʰra,amaʀe,mahe,amaʀe,amaɾe,amaʀe,maʁe,amaʀe,maɾẽ,,ljãne,amaʀe,maɣe,ataʃe,ataʃe,amaʀe,amaɣe,amaʀe,,amaʀe,ãmaɣe
tongue,lĩgwɐ,liŋ,lĩgwɐ,liŋ,lĩgwɐ,liŋ,lĩgwɐ,lingu,lĩgwɐ,lingə,lĩgwɐ,liŋgu,lĩgwɐ,liŋgu,lĩgwɐ,liŋgu,lĩgwɐ,lĩgwɐ,lĩgwɐ,lĩŋgɐ,lĩgwɐ,lĩŋgɐ,lĩgwɐ,lĩgwɐ,lĩgwɐ,lĩgwɐ,lĩgwɐ,lũgwa,lĩgwɐ,lũŋga,lĩgwɐ,lũgɛ,lĩgwɐ,lũga,lĩgwɐ,lĩgwɐ,lĩgwɐ,,leŋgwa,leŋa,leŋgwa,lengwa,leŋgwa,leŋgwa,leŋgwa,leŋgwa,leŋgwa,leŋgwa,lɑ̃ɡ,laŋ,lalɑ̃ɡ,lalãŋg,lɑ̃ɡ,laŋ,lɑ̃ɡ,lãg,lɑ̃ɡ,lãg,lɑ̃ɡ,laŋ,lɑ̃ɡ,lãŋ,lalɑ̃ɡ,lalãŋ,lɑ̃ɡ,lãg,lalɑ̃ɡ,lalã
tooth,dẽti,dɛ̃t,dẽti,dent,dẽti,dẽt,dẽti,deenti,dẽti,denti,dẽti,denti,dẽti,dente,dẽti,denti,dẽti,dẽti,dẽtɨ,dẽnt,dẽtɨ,dẽt,dẽti,dẽti,dẽti,dẽti,dẽti,dẽtʃi,dẽti,dẽntʃi,dẽti,idɛ̃tʃɪ,dẽti,detʃɪ,dẽtɨ,dĩti,dẽtɨ,dinti,djenti,dʒente,djente,,djenti,djenti,djenti,djenti,djenti,djenti,dɑ̃,dã,dɑ̃,dã,dɑ̃,,dɑ̃,dã,dɑ̃,dã,dɑ̃,dã,dɑ̃,dã,lədɑ̃,ledã,dɑ̃,dã,lədɑ̃,ledã
tree,aɾβuɾi,alb,aɾβuɾi,aɾʋ,aɾβuɾi,aɾʋ,aɾβuɾi,aalʋɾi,aɾβuɾi,alʋɾi,aɾβuɾi,albi,aɾβuɾi,a̜ɾvɾe,aɾβuɾi,albəɾ,aɾβuɾi,aɾvi,aɾvuɾɨ,aɾv,aɾvuɾɨ,aɾv,aɾβuɾi,aɾvi,aɾβuɾi,aɾvi,aɾβuɾi,aluvu,upaw,opa,upaw,upa,upaw,,aɾβoɾɨ,arvorɪ,paw,po,palu,palu,aɾbol,abbol,,ponuo,,ponu,,ponu,pjebwa,pjebwa,bwa,bwa,bwa,bwa,pjebwa,pjebwa,pjebwa,pjebwa,pjebwa,pjebwa,pjebwa,pjebwa,pjebwa,pje,pjebwa,pje,pjebwa,pje
turn,βiɾaɾfɐzeɾ,ʋiɾahedze,βiɾaɾ,ʋiɾa,βiɾaɾ,ʋiɾa,βiɾaɾ,ʋiɾa,βiɾaɾ,ʋiɾə,βiɾaɾ,bira,βiɾaɾ,viɾa̜,βiɾaɾ,biɾa,βiɾaɾ,biɾɐ,viɾaɾ,vɾa,viɾaɾ,vɾa,βiɾaɾ,biɾa,βiɾaɾ,biɾa,βiɾaɾ,bila,βiɾaɾ,vla,βiɾaɾ,vja,βiɾaɾ,bila,βiɾaɾ,viɾɐ,βiɾaɾ,bida,biɾaɾ,biɾa,"xiɾaɾ,biɾaɾ",,biɾaɾ,biɾa,biɾaɾ,biɾa,biɾaɾ,biɾa,viʀe,vihe,tuʀne,tuɾne,viʀe,viʁe,tuʀne,tũnẽ,tuʀne,tunɛ̃,tuʀne,tunɛ̃,tuʀne,tune,viʀe,viɣe,tuʀne,tuʀne,viʀe,viɣe
two,dojs,doj,dojs,doj,dojs,doj,dows,doos,dows,dos,dows,dos,dows,do̹s,dows,dos,dows,dɔs,dojʃ,doj,dojʃ,doʃ,dojs,dos,dojs,dos,dows,dosu,dows,dosu,dows,dosu,dows,dosu,dows,dos,dows,dus,dows,dos,dos,ndo,dos,dos,dos,dos,dos,dos,dø,de,dø,de,dø,de,dø,de,dø,de,dø,de,dø,de,dø,de,dø,de,dø,de
vomit,βumitaɾ,gumita,lɐ̃saɾ,lansa,lɐ̃saɾ,,βumitaɾ,gumitaa,βumitaɾ,gumtə,βumitaɾ,gumita,βumitaɾ,,βumitaɾ,,βumitaɾ,gumitɐ,vumitaɾ,vmita,vumitaɾ,vumita,βumitaɾ,vumitɐ,βumitaɾ,vomitɐ,βumitaɾ,ŋgumita,lɐsaɾ,luza,βumitaɾ,gumita,βumitaɾ,ŋgumita,,rɔbasa,βumitaɾ,,aroxaɾ,aɾoha,bomitaɾ,,bomitaɾ,bumita,bomitaɾ,gumita,bomitaɾ,gumita,vɔmiʀ,vomi,vɔmiʀ,vomi,vɔmiʀ,vʁõmi,vɔmiʀ,vomi,vɔmiʀ,vɔ̃mi,vɔmiʀ,vɔ̃mi,vɔmiʀ,vɔ̃mi,vɔmiʀ,vomi,vɔmiʀ,,vɔmiʀ,vomi
walk,mɐɾtʃaɾ,maɾtʃa,mɐɾtʃaɾ,maɾtʃa,ɐ̃daɾ,ãda,ɐ̃daɾ,matʃa,mɐɾtʃaɾ,maɾtʃæ,ɐ̃daɾ,anda,ɐ̃daɾ,anda̜,mɐɾtʃaɾ,maɾtʃa,ɐ̃daɾ,ɐ̃dɐ,ɐ̃daɾ,ãnda,ɐ̃daɾ,ãda,ɐ̃daɾ,ɐndɐ,ɐ̃daɾ,ɐnda,ɐ̃daɾ,ɐ̃dali,ɐ̃daɾ,nda,ɐ̃daɾ,nda,ɐ̃daɾ,nda,ɐ̃daɾ,jɐ̃dɐ,ɐ̃daɾ,ɟenda,kaminaɾ,kana,kaminaɾ,kamina,kaminaɾ,kamina,kaminaɾ,kamina,kaminaɾ,kamina,maʀʃe,maʃe,maʀʃe,maɾʃe,maʀʃe,maʃe,maʀʃe,maʃe,maʀʃe,maʃe,maʀʃe,maʃe,maʀʃe,maʃe,maʀʃe,maɣse,maʀʃe,maase,maʀʃe,maase
warm,kẽti,kɛ̃t,kẽti,kent,kẽti,kẽt,kẽti,keenti,kẽti,kenti,kẽti,kenti,kẽti,kente,kẽti,kenti,kẽti,kẽti,kẽtɨ,kẽnt,kẽtɨ,kẽt,kẽti,kẽti,kẽti,kẽti,kẽti,kẽtʃi,kẽti,kẽtʃi,kẽti,kẽtʃi,kẽti,ketʃi,kẽti,kĩntɪ,kẽti,cinti,kaljente,kajente,kaljente,,kaljenti,kaljenti,kaljenti,kaljenti,kaljenti,kaʎenti,ʃofe,ʃofe,ʃofe,ʃofe,ʃofe,ʃofe,ʃo,ʃo,ʃo,ʃo,ʃo,ʃo,ʃo,ʃo,ʃo,so,ʃo,so,ʃo,so
wash,lɐβaɾ,laʋa,lɐβaɾ,laʋa,lɐβaɾ,laʋa,lɐβaɾ,laʋaa,lɐβaɾ,ləʋə,lɐβaɾ,laba,lɐβaɾ,,lɐβaɾ,limpa,lɐβaɾ,labɐ,lɐvaɾ,lɐva,lɐvaɾ,lɐva,lɐβaɾ,labɐ,lɐβaɾ,labɐ,lɐβaɾ,laba,lɐβaɾ,laba,lɐβaɾ,lava,lɐβaɾ,laba,lɐβaɾ,labɐ,lɐβaɾ,laba,laβaɾ,laba,laβaɾ,laba,laβaɾ,laba,laβaɾ,laba,laβaɾ,laba,lave,lave,lave,lave,lave,lave,lave,lave,lave,lave,lave,lave,lave,lave,lave,lave,lave,lave,lave,lave
water,agwɐ,ag,agwɐ,ag,agwɐ,ag,agwɐ,aaʋ,agwɐ,agə,agwɐ,agu,agwɐ,a̜gu,agwɐ,agu,agwɐ,agu,agwɐ,agɐ,agwɐ,agɐ,agwɐ,agu,agwɐ,agwa,agwɐ,awɐ,agwɐ,awa,agwɐ,awɐ,agwɐ,awɐ,agwɐ,jagʊ,agwɐ,ɟagu,agwa,awa,aɣwa,agwa,aɣwa,agwa,aɣwa,agwa,aɣwa,agwa,dəlo,dlo,dəlo,dolo,dəlo,dlo,dəlo,dlo,dəlo,dlo,dəlo,dlo,dəlo,dlo,dəlo,delo,dəlo,dlo,dəlo,ɟilo
we,nɔs,nɔ,nɔs,nɔs,nɔs,nɔs,nɔs,noos,nɔs,nɔzə,nɔs,nus,nɔs,nos,nɔs,nos,nɔs,nu,nɔʃ,nos,nɔʃ,nɔs,nɔs,nos,nɔs,nos,nɔs,nõ,nɔs,nõ,nɔs,nɔ̃,nɔs,nɔ̃,nɔʃ,anɔs,nɔʃ,nos,nɔs,nos,nosotɾos,suto,nosotɾus,niso,nosotɾus,motɾu,,kita,nu,nu,nuzotʀ,nuzɔt,nu,nu,nu,nu,nu,nu,nu,nu,nu,nu,nu,nu,nu,nu,nu,nu
wet,muʎadu,muljad,muʎadu,muljad,muʎadu,mujad,muʎadu,mujaadu,muʎadu,muʎad,muʎadu,muladu,muʎadu,muladu,muʎadu,muladu,moʎadu,modʒadu,muʎadu,mojɔd,muʎadu,mojɔd,moʎadu,modʒadu,moʎadu,modʒadu,moʎadu,mɔ̃ɲadu,moʎadu,maadu,moʎadu,mwadu,moʎadu,miadu,muʎadu,mɔjadu,muʎadu,,moxaðu,muha,moxaðo,,moxaðu,muhaw,moxaðu,muhaw,moxaðu,muhaw,tʀɑ̃pe,thãpe,tʀɑ̃pe,tɾãp,muje,muje,muje,muje,plɛ̃dəlo,plɛ̃dlo,plɛ̃dəlo,muje,plɛ̃dəlo,muje,muje,muje,muje,,ymid,imid
what,ki,ki,ki,ki,ki,ki,ki,ki,ki,ki,ki,ki,ki,ki,ki,ki,kowzɐɛ,kusɛ,ki,ke,uke,kze,kowzɐɛ,kuze,kowzɐɛ,kuze,kwal,kwa,kwal,xa,kwal,kwa,kwal,kwaj,kwal,kal,ke,ke,kikowzɐ,kiko,ke,ke,kosa,kosa,kosa,kosa,kosa,kosa,kə,ki,kə,ki,kəsa,kisa,kə,ki,kəsa,kisa,kəsa,kisa,kəsa,ki,kə,ki,kəsa,kosa,kə,ki
when,kjɔɾɐ,kɔɾ,kwɐ̃du,kwan,kwɐ̃du,kwɔn,kjɔɾɐ,kijɔɔɾa,kjɔɾɐ,kiɔɾə,kwɐ̃du,kantu,kwalɔɾɐ,keloɾa,kjɔɾɐ,kioɾa,kjɔɾɐ,ɔɾɐ,kwɐ̃du,kõnd,kwɐ̃du,kɔ̃d,kitẽpu,kitẽpu,kitẽpu,kuãdu,kjɔɾɐ,ɔla,ɐgɔɾɐ,gɔla,kjɔɾɐ,kãnu,kjɔɾɐ,ɔla,kwɐ̃du,,,woca,kjɔɾɐ,kioɾa,kwando,kwandi,kwandu,kwandu,kwandu,kwandu,kwandu,kwandu,kɑ̃,kã,kɑ̃,kã,kɑ̃,kã,kɑ̃,kã,lœʀ,lɛ,lœʀ,lɛ,kɛlœʀ,kile,kɑ̃,kã,kɑ̃,kã,kɑ̃,kã
where,õdi,un,õdi,un,õdi,ɔn,õdi,oondi,õdi,ɔndi,õdi,undi,õdi,unde,õdi,ondi,õdi,ũdi,õdɨ,õnd,õdɨ,ũd,õdi,ũdi,õdi,,õdi,ɐ̃dʒi,,ana,õdi,,õdi,,õdɨ,nũdɛ,õdɨ,,õdi,unda,donde,andi,ðondi,dondi,ðondi,dondi,ðondi,dondi,kote,kote,u,au,u,u,kikote,kikote,kikote,kikote,kikote,kikote,kote,kote,kote,kot,usa,usa,kote,kote
white,bɾɐ̃ku,bɾak,bɾɐ̃ku,bɾank,bɾɐ̃ku,bɾãk,bɾɐ̃ku,bɾaanku,bɾɐ̃ku,bɾankə,bɾɐ̃ku,braŋku,bɾɐ̃ku,bɾanku,bɾɐ̃ku,bɾaŋku,bɾɐ̃ku,bɾɐ̃ku,bɾɐ̃ku,brõŋk,bɾɐ̃ku,bɾõk,bɾɐ̃ku,bɾãku,bɾɐ̃ku,bɾãku,bɾɐ̃ku,blɐ̃ku,bɾɐ̃ku,bɐ̃ɐ̃ŋku,bɾɐ̃ku,bɐ̃ɐ̃ku,ubɾɐ̃ku,ubɐ̃ɐ̃ku,bɾɐ̃ku,bɾɐ̃ku,bɾɐ̃ku,braŋku,blaŋku,blanku,blaŋko,blanko,blaŋku,blaŋku,blaŋku,blaŋku,blaŋku,blaŋku,blɑ̃,blã,blɑ̃,blã,blɑ̃,blã,blɑ̃ʃ,blãʃ,blɑ̃ʃ,blã,blɑ̃,blã,blɑ̃,blã,blɑ̃,blã,blɑ̃,blã,blɑ̃,blã
who,kẽ,kɛ̃,kẽ,kẽ,kẽ,kẽ,kẽ,keem,kẽ,kɛ̃,kẽ,kɛŋ,kẽ,kiŋ,kẽ,kiŋ,kẽ,keɲɐ,kẽ,kẽ,kẽ,kẽ,kẽ,keɲɐ,kẽ,keɲi,kẽ,kẽ,kẽnĩgẽ,keŋge,nĩgẽ,nĩge,nĩgẽ,ŋej,kẽ,kĩ,kẽ,ki,kẽ,kẽ,kjen,kjen,kjen,kjen,kjen,kjen,kjen,kjen,ki,kin,ki,ki,ki,ki,ki,ki,ki,ki,kimɔ̃d,kimun,kimɔ̃dki,kimunki,ki,ki,ki,kisa,ki,ki
wide,laɾgu,laɾg,laɾgu,laɾg,laɾgu,laɾg,laɾgu,laɾgu,laɾgu,laɾg,laɾgu,largu,laɾgu,la̜ɾgo,laɾgu,laɾgu,laɾgu,laɾgu,ɫaɾgu,lɔɾg,ɫaɾgu,lɔɾg,laɾgu,laɾgu,laɾgu,laɾgu,laɾgu,lalugu,,bagabaga,laɾgu,lagu,laɾgu,,laɾgu,laɾgu,laɾgu,largu,antʃu,antʃu,antʃo,,antʃu,antʃu,antʃu,antʃu,antʃu,antʃu,laʀʒ,laʒ,laʀʒ,laɾʒ,laʀʒ,,laʀʒ,laʒ,laʀʒ,laʒ,laʀʒ,laʒ,laʀʒ,laʒ,laʀʒ,laɣz,laʀʒ,,laʀʒ,laaz
wife,muʎɛɾ,mulɛɾ,muʎɛɾ,muʎɛɾ,muʎɛɾ,mujɛɾ,muʎɛɾ,mujeeɾa,muʎɛɾ,muʎɛɾ,muʎɛɾ,mule,muʎɛɾ,muljeɾ,muʎɛɾ,muleɾ,muʎɛɾ,mudʒeɾ,muʎɛɾ,mljeɾ,muʎɛɾ,amdʒɛɾ,muʎɛɾ,mudʒe,muʎɛɾ,mudʒɛɾ,muʎɛɾ,mwala,muʎɛɾ,mjɛle,muʎɛɾ,mjɛ,,mẽgai,muʎɛɾ,mindʒer,muʎɛɾ,miɲɟer,esposa,esposa,muxeɾ,muhe,muxeɾ,muheɾ,muxeɾ,muheɾ,muxeɾ,isposa,fam,fam,fam,fam,madammaʀje,madãmmaʁje,madam,madãm,madam,madãm,madam,madãm,madam,madãm,fam,fam,fam,fam,bɔnfam,bɔ̃nfãm
wind,βẽtu,ʋɛ̃t,βẽtu,ʋent,βẽtu,ʋẽt,βẽtu,ʋɛɛntu,βẽtu,ʋæntə,βẽtu,bentu,βẽtu,ventu,βẽtu,bentu,βẽtu,bẽu,vẽtu,vẽnt,vẽtu,vẽt,βẽtu,bẽtu,βẽtu,bẽtu,βẽtu,vɛ̃tu,βẽtu,ɔvɛ̃tu,uβẽtu,uvɛ̃tu,uβẽtu,vɛ̃tu,βẽtu,vẽtʊ,βẽtu,,bjentu,bjentu,bjento,,bjentu,bjentu,bjentu,bjentu,bjentu,bjentu,vɑ̃,vã,vɑ̃,vã,vɑ̃,vã,vɑ̃,vã,vɑ̃,vã,vɑ̃,vã,vɑ̃,vã,dyvɑ̃,divan,dyvɑ̃,,dyvɑ̃,ɟivã
wing,azɐ,adz,azɐ,az,azɐ,az,azɐ,aasa,azɐ,azə,azɐ,aza,azɐ,asa,azɐ,,azɐ,asɐ,azɐ,aza,azɐ,azɐ,azɐ,aza,azɐ,aza,azɐ,azɐ,azɐ,aza,azɐ,azɐ,azɐ,aðɐ,azɐ,azɐ,azɐ,ãsa,ala,ala,ala,,ala,alas,ala,alas,ala,,dezɛl,zɛl,ɛl,ɛl,dezɛl,zɛl,dezɛl,zɛl,dezɛl,zɛl,dezɛl,zɛl,dezɛl,zel,lezɛl,lezel,lezɛl,,lezɛl,lezel
wipe,lĩpaɾkũpɐnu,lipakupan,lĩpaɾkũtɾapu,limpakutɾap,ɫĩpaɾ,lĩpa,ɫĩpaɾ,limpaa,ɫĩpaɾ,limpə,ɫĩpaɾ,limpa,esfɾegaɾ,esfɾega̹,esfɾegaɾ,,lĩpaɾ,lĩpɐ,ɫĩpaɾ,lĩmpa,ɫĩpaɾ,lĩpa,lĩpaɾ,lĩpɐ,lĩpaɾ,lĩpɐ,isfɾegaɾ,flɛga,isfɾegaɾ,,isfɾegaɾ,fɛga,isfɾegaɾ,,lĩpaɾ,lĩmpɐ,lĩpaɾ,limpa,βɐreɾ,baɾi,limpjaɾ,limpja,limpjaɾ,limpja,limpjaɾ,limpja,limpjaɾ,,fʀɔte,fote,ɛsɥije,sije,fʀɔte,fʁote,ɛsɥije,sije,ɛsɥije,swije,ɛsɥije,swije,ɛsɥije,swije,ɛsɥije,suje,ɛsɥije,,ɛsɥije,
with,kõ,ku,kõ,ku,kõ,ku,kõ,kum,kõ,,kõ,ku,kõ,ko,kõ,ka,kõ,ku,majʃ,ma,majʃ,ma,kõ,ku,kõ,ku,kõ,ku,kõ,ku,kõ,kõ,kõ,ku,kõ,ku,kõ,,kõ,ku,,ku,kon,kon,kon,kon,kon,kon,,ke,avɛk,avɛk,,ke,avɛk,ak,,epi,,epi,avɛk,evɛk,avɛk,ek,avɛk,ɛk,avɛk,avek
woman,muʎɛɾ,mulɛɾ,muʎɛɾ,muʎɛɾ,muʎɛɾ,mujɛɾ,muʎɛɾ,mujeeɾa,muʎɛɾ,muʎɛɾ,muʎɛɾ,mule,muʎɛɾ,mulɛ,femjɐ,femi,muʎɛɾ,mudʒeɾ,muʎɛɾ,mieɾ,muʎɛɾ,amdʒɛɾ,muʎɛɾ,mudʒe,muʎɛɾ,mudʒɛɾ,muʎɛɾ,mwala,muʎɛɾ,mjɛle,muʎɛɾ,mjɛ,,mẽgai,muʎɛɾ,mindʒer,muʎɛɾ,miɲɟer,muxeɾ,muhɛ,muxeɾ,muhe,muxeɾ,muheɾ,muxeɾ,muheɾ,muxeɾ,muheɻ,fam,fam,fam,fam,fam,fãm,fam,fãm,fam,fãm,fam,fãm,fam,fãm,fam,fam,fam,fam,fam,fam
worm,bitʃu,bitʃ,bitʃu,bitʃ,bitʃu,bitʃ,bitʃu,biitʃi,bitʃu,,,tʃatʃiŋ,bitʃu,bitʃu,mĩɲɔkɐ,mioka,bitʃu,bitʃu,lɐgaɾtɐ,lɐgaɾtɐ,lɐgaɾtɐ,lɐgaɾtɐ,bitʃu,bitʃu,bitʃu,bitʃu,bitʃu,bisu,bitʃu,bisu,bitʃu,bisu,bitʃu,biθu,,bagabagɐ,bitʃu,,bitʃu,bitʃi,gusano,,,bulati,,bulati,gusanu,gusanu,vɛʀ,vɛ,vɛʀ,vɛɾ,vɛʀ,vɛ,vɛʀ,vɛ,vɛʀ,vɛ,vɛʀ,vɛ,vɛʀ,ve,ləvɛʀ,leveɣ,levɛʀ,,ləvɛʀdətɛʀ,levɛɛdtɛɛ
year,ɐnu,an,ɐnu,an,ɐnu,an,ɐnu,aanu,ɐnu,anɛ,ɐnu,anu,ɐnu,anu,ɐnu,anu,ɐnu,anu,ɐnu,on,ɐnu,ɔn,ɐnu,anu,ɐnu,anu,ɐnu,ɐ̃nu,ɐnu,anu,ɐnu,anu,ɐnu,anu,ɐnu,anu,ɐnu,anu,aɲu,aɲa,aɲo,aɲo,aɲu,anjo,aɲu,anju,aɲu,aɲu,ane,ane,ane,an,ɑ̃,ã,ane,ane,lane,lãne,lane,lãne,dezɑ̃,zã,ane,ane,ane,,lane,lãnɛ̃
yellow,ɐmɐɾɛlu,maɾɛl,ɐmɐɾɛlu,maɾɛl,ɐmɐɾɛlu,amɾɛl,ɐmɐɾɛlu,maɾelo,ɐmɐɾɛlu,maɾæl,ɐmɐɾɛlu,marelu,ɐmɐɾɛlu,maɾilu,ɐmɐɾɛlu,maɾelu,ɐmɐɾɛlu,maɾɛlu,ɐmɐɾɛlu,meɾel,ɐmɐɾɛlu,ɐmɐɾɛl,ɐmɐɾɛlu,maɾelu,ɐmɐɾɛlu,maɾelu,ɐmɐɾɛlu,malɛlu,dowɾadu,dɔladu,ɐmɐɾɛlu,marɛlu,ɐmɐɾɛlu,malɛlu,ɐmɐɾɛlu,amaɾɛlʊ,ɐmɐɾɛlu,,,hel,amaɾiʎo,,amaɾiʎu,amaɾilju,amaɾiʎu,amaɾilju,amaɾiʎu,amaɾiʎu,ʒon,ʒɔn,ʒon,ʒon,ʒon,ʒɔn,ʒon,ʒõn,ʒon,ʒɔ̃n,ʒon,ʒɔ̃n,ʒon,ʒɔn,ʒon,zon,ʒon,zɔ̃,ʒon,zɔ̃
you(plural,βɔs,,βɔs,,βɔs,,βɔsowtrus,botus,βɔsowtrus,,βɔsowtrus,bolotu,βɔsowtrus,vosotɾu,βɔsowtrus,vosotəɾ,seɲoɾis,ɲos,vɔseʃ,pseʃ,βɔsowtrus,bzot,seɲoɾis,ɲos,seɲoɾis,ɲos,,inɐ̃se,,namsɛɛ,βɔs,ɔwɔ,,eθe,βɔs,abɔs,βɔs,bos,bosotɾus,boso,,enu,bosotɾus,buso,,tedi,,kamo,ty,u,ty,to,ty,u,vu,u,vu,u,vu,u,vu,wu,twa,twa,twa,twe,ty,to
you(singular),βɔse,use,βɔse,use,βɔse,use,βɔse,bose,βɔse,bosə,βɔse,bos,βɔse,vos,βɔse,bos,βɔs,bu,vɔse,se,βɔs,bo,βɔs,bo,βɔs,bo,βɔs,bo,βɔs,bo,ti,tʃi,βɔs,bo,βɔs,abɔ,βɔs,bo,βɔs,bo,,bo,tu,tu,bos,bus,bos,bo,vuzotʀ,zɔt,vuzotʀ,vuzɔt,vuzotʀ,azɔt,vuzotʀ,zɔt,vuzotʀ,zot,vuzotʀ,zot,vuzotʀ,zɔt,lezotʀ,zot,lezotʀ,zot,vu,u