Gloss,Korlai,Daman,Diu,Sri Lanka PT,Kannur,Malacca,Macau,Tugu/Batavia,Santiago CV,SantoAntão CV,SãoVicente CV,Fogo CV,Brava CV,Santome,Fá d'Ambô,Principense,Angolar,Guinea Bissau,Casamancese,Papiamentu,Palenquero,CaviteChabacano,TernateChabacano,ZamboangaChabacano,Karipuna,Guianese,Louisiana,Haitian,Guadeloupean,Martinican,SaintLucian,Mauritian,Réunionese,Seychellois
all,"67,39%","67,37%","67,00%","100,00%","91,05%","100,00%","100,00%","100,00%","100,00%","66,77%","100,00%","100,00%","100,00%","100,00%","100,00%","100,00%","100,00%","100,00%","100,00%","48,57%","71,25%","93,57%","93,05%","93,35%","58,86%","58,85%","100,00%","100,00%","59,70%","60,63%","61,68%","100,00%","100,00%","100,00%"
and,"15,97%","16,10%","15,95%","2,97%","48,25%","83,61%","82,92%",,"84,28%","100,00%","100,00%","84,19%","85,11%","100,00%",,"100,00%","36,27%","68,86%","99,33%","100,00%","100,00%","100,00%","100,00%","100,00%","12,53%","12,31%","100,00%","99,38%","38,71%","38,46%","99,66%","36,55%",,"97,07%"
animal,"95,39%","95,90%","95,92%","79,94%","96,70%","96,59%","98,86%","100,00%","100,00%","69,86%","99,66%","83,12%","83,07%","96,05%","76,38%","74,78%","93,61%","74,18%","58,81%","99,94%","80,98%","100,00%","100,00%","100,00%","100,00%","100,00%","100,00%","98,87%","99,98%","93,67%","67,47%","70,05%",,"67,45%"
ashes,"56,92%","66,41%","69,14%","54,11%","72,39%","70,75%",,"67,28%","96,13%","68,52%","100,00%","94,64%","95,02%","84,87%","92,05%","80,62%","78,40%","89,10%","90,26%","88,82%","95,69%","96,55%","96,18%","96,52%","61,74%","61,17%","73,40%","37,06%","62,34%","62,25%","61,77%","67,87%","33,24%","57,49%"
at,"91,74%","91,57%","55,07%","49,79%",,"90,62%","91,97%",,"100,00%","100,00%","100,00%","100,00%","99,58%","77,33%","89,33%","87,30%","77,64%",,,"92,33%","100,00%",,,,"100,00%","100,00%","100,00%","100,00%","100,00%","84,38%","98,63%","100,00%",,"67,17%"
back,"40,15%","39,24%","40,25%","72,86%","77,72%","75,50%","76,01%","75,74%","79,57%","78,45%","79,86%","78,06%","77,30%","57,63%","92,71%","48,14%","17,64%","74,08%","75,70%","67,76%","100,00%","97,03%","100,00%","100,00%","96,48%","100,00%","62,25%","93,26%","96,89%","97,01%","98,14%","93,98%",,"92,13%"
bad,"97,04%","97,36%","81,32%","55,77%","71,36%","80,95%","99,27%","80,84%","83,28%","100,00%","100,00%","100,00%","98,90%","63,65%","99,05%","100,00%",,"99,34%","58,83%","99,96%","100,00%","100,00%","100,00%","66,58%","100,00%","100,00%","94,74%","94,62%","95,00%","95,31%","95,46%","98,17%",,"98,61%"
bark,"39,14%","53,02%","45,48%",,"87,07%","96,26%",,"90,40%","99,18%","100,00%","59,59%","91,66%","83,26%","72,48%","55,92%",,"93,14%","100,00%",,"99,93%",,,,,"100,00%","100,00%","96,64%","87,75%","99,69%","99,82%","99,66%","67,93%","100,00%","72,13%"
because,,"97,47%","90,43%",,,"89,11%","73,64%",,"82,47%","56,19%","91,49%","82,14%","78,89%","68,08%","71,87%","74,11%",,,,"100,00%","76,56%","85,06%",,,"61,48%","83,76%","88,57%","84,71%",,"42,83%","42,43%","99,92%","43,66%","98,61%"
belly,"69,59%","74,30%","74,30%","68,90%","87,80%","93,68%","93,77%","90,59%","97,98%","74,24%","93,78%","97,96%","94,62%","55,18%","52,31%","47,35%","56,01%","91,37%","93,34%","93,09%","92,84%","100,00%","87,26%","87,26%","62,36%","69,47%","69,03%","68,54%","98,45%","98,50%","99,10%","68,97%","68,51%","70,55%"
big,"51,55%","52,04%","50,86%","54,68%","70,69%","70,14%","69,51%","70,85%","100,00%","55,11%","64,79%","96,00%","96,00%","73,73%","35,80%","70,22%","24,41%","31,43%","31,66%","99,97%","69,90%","100,00%","100,00%","100,00%","85,07%","78,54%","82,61%","76,11%","76,45%","76,46%","67,97%","76,31%","100,00%","76,78%"
bird,"42,54%","72,49%","80,75%","65,49%","64,99%","64,06%","69,69%","67,66%","60,99%","34,03%","32,92%","62,15%","62,08%","94,90%","62,76%","62,49%",,"70,40%","59,26%","48,19%","92,10%","88,89%","89,34%","89,34%","47,97%","47,46%","57,36%","53,78%","55,51%","55,26%","68,09%","48,15%","56,10%","48,83%"
bite,"79,09%","79,41%","79,13%","77,00%","78,46%","57,73%",,"78,46%","78,48%","80,69%","80,78%","80,49%","80,71%","62,84%","54,54%","63,24%","63,06%","78,70%","76,61%","80,20%","100,00%","63,26%","77,14%","67,40%","57,13%","52,78%","64,03%","56,84%","60,26%","54,26%","57,11%","43,10%","42,42%","52,23%"
black,"69,30%","68,82%","69,43%","72,64%","91,90%","97,98%","99,96%","98,27%","96,07%","69,36%","69,63%","100,00%","100,00%","90,23%","60,36%","62,01%","62,31%","96,52%","97,58%","100,00%","100,00%","100,00%","100,00%","100,00%","61,96%","62,15%","82,56%","62,62%","62,41%","62,12%","61,69%","84,54%","57,73%","56,86%"
blood,"49,98%","50,28%","52,16%","54,51%","69,69%","70,01%","52,84%","70,21%","98,60%","57,98%","64,85%","94,08%","94,01%","95,90%","98,09%","94,88%","91,97%","50,27%",,"58,30%",,"100,00%","100,00%","100,00%","87,51%","91,14%","88,12%","88,20%","88,17%","88,09%","88,08%","92,22%","88,19%","87,10%"
blow,"76,52%","76,62%","77,47%","71,27%","77,14%","74,59%","78,11%","78,12%","68,17%","74,05%","74,49%","69,19%","68,57%","71,42%",,"66,72%","64,80%","77,69%","76,76%","74,30%","67,58%",,"75,27%","75,84%","100,00%","100,00%","100,00%","99,84%","99,39%","99,64%","99,76%","99,25%",,"99,23%"
bone,"59,34%","59,03%","59,15%","69,64%","89,16%","100,00%",,"99,72%","100,00%","59,61%","59,07%","100,00%","100,00%","85,24%","88,57%","94,33%","85,76%","49,88%","48,28%","100,00%","96,97%","100,00%","100,00%","100,00%","22,82%",,"73,27%","23,96%","24,87%","24,77%","23,38%","73,72%","20,25%","73,17%"
breast,"45,47%","53,23%","53,48%","78,42%","71,59%","78,34%",,"90,14%","93,80%",,,"94,65%",,"77,73%",,,,"75,39%","74,34%","100,00%","100,00%","100,00%","100,00%","100,00%","68,21%","76,61%","94,20%",,"61,30%","61,97%","62,04%","66,18%","62,02%","63,02%"
breathe,,"45,21%",,,,"87,05%",,,"72,76%",,,,,,,,,"81,35%",,"83,86%",,"64,75%","78,01%",,,,"85,44%","99,84%","81,61%","82,23%","86,49%","85,66%",,"83,38%"
burn,"60,52%","60,19%","59,92%","57,87%","60,23%","63,89%","60,04%","61,08%","60,05%",,"63,56%","60,04%","59,30%","61,53%","58,85%","61,55%","61,27%","57,63%",,"60,24%","78,51%","75,10%","78,39%","75,44%","76,05%","76,97%","84,73%","75,76%","91,76%","92,39%","92,65%","91,82%","98,71%","91,68%"
child,"47,60%","47,70%","65,99%","40,75%","40,53%","63,94%","61,24%","94,47%","100,00%","61,62%","61,72%","100,00%","100,00%","95,41%","65,42%","95,04%","92,12%","96,63%","51,51%","59,88%",,"95,62%","66,22%",,"54,19%","91,38%","91,25%","55,98%","62,95%","59,79%","78,10%","51,18%","49,41%","85,81%"
cloud,,"61,54%","60,75%","68,40%",,"90,92%",,"94,10%","92,32%","80,49%","100,00%","89,32%","95,12%","86,62%","87,58%","87,65%",,"98,41%","93,48%","90,56%","97,03%","96,94%",,,"98,37%","41,39%","75,68%","98,38%","40,90%","41,79%","96,27%","96,71%","96,73%","96,69%"
cold,"96,07%","61,55%","61,90%","43,81%","98,67%","97,93%","98,40%","99,23%","100,00%","62,63%","100,00%","100,00%","98,90%","31,89%","49,30%","34,01%","35,67%","99,34%","99,77%","100,00%","45,85%","59,18%","58,72%","97,36%","90,84%","46,48%","70,97%","53,25%","49,11%","49,34%","53,45%","40,23%","84,02%","38,94%"
come,"56,36%","56,69%","56,54%","66,15%","56,57%","49,36%","54,38%","58,69%","92,19%","49,82%","39,57%","90,21%","90,14%","58,48%","57,76%","77,24%","58,38%","48,39%","49,26%","74,64%","68,40%","78,31%","74,16%","66,87%","42,15%","73,02%","72,32%","45,44%","73,07%","72,91%","73,05%","70,63%","36,29%","71,85%"
correct,"37,22%","26,90%","27,12%","41,40%",,"98,22%","99,22%","44,64%","97,84%","26,34%","42,53%","42,92%","42,26%","77,68%",,,,"98,28%",,"95,33%",,"92,40%",,"92,43%","91,98%","96,03%","69,19%","84,62%","68,37%","65,84%","69,71%","85,04%",,"68,88%"
count,"75,41%","70,42%","77,84%","56,60%","66,27%","72,21%","71,13%",,"74,53%","74,36%","78,21%","77,76%","77,97%","78,14%","73,54%","78,13%","75,94%","65,91%","63,03%","81,97%","59,88%","80,30%","81,89%","80,19%","64,41%","98,22%","98,23%","98,07%","99,38%","99,64%","99,75%","97,48%",,"99,26%"
cut,"80,59%","80,58%","80,70%","77,65%","78,28%","78,40%","80,99%","72,75%","78,08%","77,31%","77,92%","80,50%","80,68%","62,52%","63,41%","62,16%","62,52%","75,57%","78,72%","77,25%","67,68%","70,25%","81,17%","71,73%","100,00%","100,00%","100,00%","99,85%","99,38%","99,64%","99,75%","99,27%",,"99,28%"
day,"89,41%","90,11%","90,68%","22,31%","31,61%","95,74%","68,70%","95,91%","100,00%","100,00%","100,00%","95,90%","95,93%","70,48%","67,32%","68,37%","68,06%","100,00%","30,59%","100,00%","60,58%","100,00%","34,07%","100,00%","63,69%","63,33%","82,86%","63,89%","80,09%","79,97%","63,86%","82,59%","66,70%","74,37%"
die,"68,91%","74,85%","73,91%","70,20%","67,33%","78,46%","72,91%","71,10%","70,09%","15,36%","74,66%","75,73%","75,69%","69,65%","69,24%","19,04%","19,18%","68,73%","78,03%","72,74%","76,26%","75,27%","74,82%","74,21%","61,39%","70,20%","67,17%","67,69%","61,89%","61,22%","62,90%","82,50%","65,96%","64,35%"
dig,"71,14%","71,18%","76,23%","45,46%","45,01%",,,"42,53%","65,32%","77,68%","73,39%","67,33%","67,40%","58,39%",,"73,94%",,"64,66%","67,48%","63,97%","62,06%",,,,"100,00%","100,00%","100,00%","99,85%","99,39%","99,64%","99,76%","99,25%","97,53%","99,26%"
dirty,"65,39%","66,21%","65,39%","93,55%","86,19%","96,74%","97,55%","98,49%","88,06%","53,48%","60,69%","100,00%","100,00%","94,44%","90,80%","95,64%","89,77%","91,01%","92,91%","83,72%","100,00%","100,00%","100,00%","100,00%","100,00%","100,00%","100,00%","100,00%","100,00%","100,00%","99,55%","99,98%","48,34%","99,96%"
dog,"90,19%","90,48%","90,66%","94,82%","73,67%","96,85%","95,06%","73,27%","73,06%","71,02%","70,09%","55,61%","67,37%","53,73%","56,86%","54,46%","53,41%","75,53%","72,65%","60,16%","90,35%","100,00%","75,28%","97,14%","84,07%","96,29%","96,23%","84,04%","100,00%","100,00%","100,00%","87,95%",,"89,61%"
drink,"78,11%","78,18%","78,23%","63,82%","77,49%","78,17%","78,12%","74,76%","75,08%","72,39%","73,19%","78,21%","78,12%","78,04%","57,89%","77,86%","78,09%","96,59%","78,04%","78,11%","75,78%","76,19%","75,47%","76,09%","62,59%","62,57%","53,66%","62,65%","63,15%","62,95%","61,43%","75,71%",,"48,32%"
dry,"69,60%","69,50%","69,92%","73,10%","87,21%","99,52%","99,96%","98,28%","96,11%","65,03%","69,78%","95,19%","100,00%","97,90%","99,68%","99,33%","91,62%","96,54%","99,09%","100,00%",,"100,00%","100,00%","100,00%","100,00%","100,00%","100,00%","90,03%","83,89%","83,62%","83,54%","97,63%","100,00%","95,53%"
dull,"65,03%","72,89%",,,"79,26%",,,,"100,00%","68,84%","69,51%","99,46%","100,00%",,,,,,,"62,76%",,"100,00%",,,"53,79%",,"70,25%","99,90%",,,"99,61%","98,98%",,
dust,,"59,52%",,"100,00%",,"96,38%",,"96,46%","100,00%","94,88%","100,00%","75,70%","75,77%","91,15%","91,39%","90,66%","86,66%","59,62%",,,,"74,30%",,"77,57%","82,15%","84,34%","71,80%","69,33%","66,26%","77,94%","78,01%","92,52%","70,31%","85,68%"
ear,"57,66%","73,59%","54,86%","67,70%","53,22%","63,31%","86,21%","81,87%","86,58%","46,59%","45,46%","80,28%","82,03%","47,23%","40,30%","37,15%","42,83%","89,81%","66,37%","46,17%","80,63%","90,75%","90,54%","90,42%","31,99%","56,73%","55,73%","55,44%","55,45%","55,27%","57,94%","56,43%","62,30%","54,79%"
earth,"64,01%","64,78%","65,59%","70,11%",,"93,49%","93,87%","45,45%","96,97%","99,37%","100,00%","96,36%","96,72%","89,22%","85,27%","41,78%","48,29%","100,00%","50,44%","90,56%","90,22%","100,00%","75,03%","97,09%","78,03%","86,02%","82,69%","78,15%","77,99%","77,94%","77,85%","89,57%","65,99%","79,73%"
eat,"76,73%","76,88%","76,53%","72,76%","75,22%","74,57%","73,44%","70,60%","78,01%","20,02%","19,70%","78,36%","78,21%","75,56%","74,56%","75,52%","26,13%","75,75%","78,06%","78,13%","73,86%","72,68%","75,66%","75,78%","94,06%","94,09%","94,05%","93,94%","93,38%","93,71%","93,80%","90,94%","91,62%","91,01%"
egg,"52,42%","52,66%","52,85%","43,92%","82,97%","94,97%","98,25%","94,33%","90,08%","59,20%","59,18%","93,55%","93,50%","94,43%","95,04%","93,60%","94,81%","98,31%","66,89%","96,71%","93,98%","97,49%","72,52%","97,32%","63,65%","67,71%","98,92%","20,96%","22,73%","22,34%","23,93%","91,63%","46,96%","86,21%"
eye,"52,85%","58,82%","48,77%","44,01%","48,90%","93,64%","90,68%","84,98%","86,62%","54,22%","53,19%","86,73%","86,62%","30,59%","31,21%","30,09%","30,56%","79,77%","56,12%","54,86%","87,17%","90,32%","90,33%","90,36%","55,94%","54,55%","17,28%","15,58%","16,44%","16,70%","16,84%","66,34%","17,88%","63,48%"
fall,"60,39%","60,03%","60,65%","64,68%","67,68%","65,66%","67,30%","65,65%","63,33%","67,24%","59,39%","60,91%","60,58%","37,69%","50,62%","38,97%","36,86%","67,55%","56,39%","65,71%","50,53%","98,31%","66,24%","97,35%","97,37%","98,21%","98,21%","98,04%","99,38%","99,63%","99,75%","97,45%","96,54%","61,05%"
far,"55,06%","56,89%","58,54%","53,29%","70,08%","71,10%",,"72,06%","100,00%","60,68%","69,34%","100,00%","100,00%","97,14%","94,83%","98,31%","96,34%","86,12%","60,40%","41,81%","68,31%","92,33%","92,39%","92,31%","96,20%","96,29%","96,13%","96,20%","100,00%","100,00%","100,00%","96,21%","100,00%","100,00%"
fat,,"76,31%",,"93,60%",,"78,98%","93,85%","97,34%","93,71%","95,36%","100,00%","97,13%","93,74%","73,73%","71,69%","77,52%","73,79%","97,53%","62,99%","100,00%",,"100,00%","100,00%","90,33%","90,31%","91,70%","94,59%","89,96%","88,41%","88,36%","94,27%","94,05%","100,00%","92,76%"
father,"97,41%","98,16%","97,45%","67,53%","98,19%","97,01%","96,77%","96,45%","92,49%","56,27%","100,00%","98,35%","97,95%","93,85%","94,75%","93,74%",,"89,06%","90,05%",,,,,,"100,00%","100,00%","100,00%","100,00%","100,00%","100,00%","99,32%","100,00%","100,00%","100,00%"
fear,"69,67%","69,47%",,"71,43%",,"94,65%",,,"100,00%","64,81%","69,73%","87,00%","100,00%","92,73%","93,93%","92,65%","92,61%","100,00%",,"63,80%",,,"89,60%",,"58,76%","59,65%","80,97%","62,15%","61,42%","61,57%","23,97%","79,24%",,"63,30%"
feather,"64,17%","64,12%","63,86%","69,40%","92,58%","94,78%","95,94%","80,60%","90,80%","93,41%","100,00%","95,10%","99,79%","95,47%","91,74%","98,90%","98,82%",,,"99,96%",,"100,00%",,"100,00%","91,92%","96,09%","64,08%","95,29%","97,74%","98,17%","96,22%","97,67%","98,38%","48,57%"
few,"53,66%","53,24%","53,76%","76,69%","51,94%","57,06%",,,"77,97%","53,43%","52,34%","78,12%","74,62%",,,,,"77,91%","78,96%","100,00%","100,00%","100,00%","100,00%","100,00%","56,53%","60,06%","90,93%","84,41%","52,46%","49,83%","95,81%","95,92%","94,42%","95,86%"
fight,"76,63%","76,95%","69,47%","62,68%",,"77,03%","76,90%",,"74,61%","75,94%","43,99%","77,98%","78,04%","78,16%","46,89%","78,15%",,"74,11%","48,84%","91,07%","76,65%","66,69%","67,75%","65,95%",,"97,11%","76,45%","72,74%","71,89%","71,61%","72,50%","89,39%",,"99,50%"
fingernail,,,,"93,44%",,"93,68%",,"93,03%","100,00%",,"100,00%",,,"74,39%","92,46%",,"74,76%","100,00%","64,70%","69,33%",,"93,15%","56,15%",,"31,54%","28,36%","34,29%",,"28,44%","28,59%","13,86%","29,47%",,"90,59%"
fire,"69,33%","69,65%",,"58,60%","91,92%","100,00%","99,89%","99,15%","100,00%","67,18%","67,90%","100,00%","100,00%","94,54%","76,63%","100,00%","94,33%","95,23%","94,71%","99,95%","76,67%","94,71%","94,53%","94,70%","90,81%","92,80%","92,91%","93,90%","90,23%","90,38%","94,17%","95,82%","95,81%","91,04%"
fish,"51,20%","51,65%","51,45%","75,52%","77,50%","76,10%","72,92%",,"77,70%","53,26%","53,38%","78,01%","75,57%","73,98%","74,94%","77,80%",,"44,67%","45,54%","64,10%","65,21%","72,15%","72,71%","70,27%","97,82%","72,84%","98,83%","91,30%","96,25%","90,04%","90,87%","70,18%","98,15%","97,73%"
five,"55,28%","55,59%","70,02%","57,58%","68,38%","74,05%","74,64%","75,11%","100,00%","63,08%","69,96%","100,00%","100,00%","95,52%","94,51%","94,63%",,"100,00%","73,24%","93,05%","91,11%","100,00%","100,00%","100,00%","97,61%","97,62%","97,61%","97,63%","100,00%","100,00%","100,00%","97,62%",,"99,96%"
float,,"74,67%",,"74,36%","11,21%","76,40%",,,"75,75%","75,78%","76,13%","76,72%","76,42%","74,54%","74,31%","73,96%","75,09%",,"71,84%",,,,,,"97,65%","97,54%","97,12%","97,72%","95,36%","96,01%","95,78%","97,47%",,"95,71%"
flow,,"71,15%","71,19%",,,"78,47%",,,"70,84%","17,20%","74,66%","71,21%","71,29%",,,,,,,"75,57%",,,,,"100,00%","100,00%","100,00%","99,85%","99,38%","99,64%","99,76%","99,26%","99,93%","99,28%"
flower,"59,97%","97,72%","96,77%","23,44%","35,04%","94,72%","33,55%","33,38%","91,45%","98,12%","100,00%","96,59%","96,17%","49,53%","41,06%","26,69%","37,49%","90,66%","90,95%","96,91%","62,42%","97,68%","44,52%","92,96%","90,32%","81,03%","59,75%","61,85%","61,52%","61,44%","58,33%","79,05%",,"62,61%"
fly(v.),"46,12%","59,09%","40,87%","15,62%","53,90%","71,12%","49,26%","50,36%","27,70%","52,15%","52,92%","50,06%","59,43%","62,81%","62,47%","62,85%",,"33,09%","23,80%","74,65%",,"76,10%","75,62%","75,75%","97,70%",,"97,15%","97,72%","95,37%","96,00%","95,81%","93,19%","96,76%","95,79%"
fog,"78,29%","76,24%","37,09%","51,85%",,,,,"92,32%","61,25%","61,22%","87,03%","85,85%","73,01%",,"62,42%",,"76,14%",,"50,71%",,,,,"93,95%",,"84,72%","73,10%","74,53%","74,31%","75,54%","86,25%",,"71,28%"
foot,"91,64%","92,40%","90,37%","56,64%","100,00%","57,29%","94,91%","58,44%","100,00%","93,91%","91,27%","94,43%","93,05%","91,15%","91,39%","90,70%","91,14%","100,00%","96,44%","19,65%","100,00%","58,15%","58,15%","59,02%","100,00%","100,00%","100,00%","99,68%","69,28%","99,27%","99,50%","78,23%","99,85%","90,79%"
forest,,,,"100,00%",,"100,00%",,"100,00%","98,98%","17,72%",,,,,,"100,00%",,"100,00%","100,00%","99,96%","95,75%",,,"100,00%","92,27%",,"100,00%",,"87,79%","87,78%","90,85%","91,24%","95,28%","84,18%"
four,"55,60%","35,87%","41,14%","93,28%","85,03%","87,21%","92,85%","40,18%","86,59%","54,61%","54,53%","86,64%","100,00%","93,92%","45,53%","90,24%",,"95,28%","65,09%","54,38%","100,00%","100,00%","100,00%",,"76,77%","77,16%","76,81%","76,18%","72,60%","72,50%","72,60%","77,17%","76,43%","78,37%"
freeze,,"73,75%","73,59%",,,,,,"86,49%","44,23%","44,43%","86,75%","83,13%",,,,,,,,,"72,57%",,,"76,76%","98,58%","66,52%","99,69%","99,38%","99,64%","93,00%","75,22%",,
fruit,"55,58%","66,48%","40,52%","48,84%","92,72%","93,76%","95,97%","94,96%","100,00%","97,32%","100,00%","94,67%","94,99%","87,63%","49,55%","81,51%",,"100,00%","93,39%","99,96%","100,00%","98,02%","98,42%","73,81%","88,98%","46,37%","81,42%","89,17%","89,23%","89,15%","89,24%","41,31%",,"42,47%"
full,"73,03%","69,28%","67,52%","77,77%","68,03%","30,14%","78,04%","45,99%","98,65%","64,24%","64,55%","98,76%","61,56%","31,05%","32,21%","72,78%","27,22%","65,11%","38,65%","64,22%",,"96,07%","97,02%","94,23%","96,35%","96,35%","96,32%",,"100,00%","100,00%","100,00%","96,36%","100,00%","100,00%"
give,"63,66%","63,41%","63,22%","58,65%","62,46%","63,56%","63,36%","63,17%","57,53%","63,11%","63,40%","56,37%","63,18%","64,24%","63,93%","64,33%","64,36%","62,68%","63,44%","74,31%","53,67%","100,00%","100,00%","100,00%","66,63%","37,36%","91,42%","37,52%","38,08%","37,59%","66,41%","97,46%","96,77%","93,76%"
good,,"98,88%","100,00%","33,65%","94,01%","55,54%","54,42%","56,07%","100,00%","100,00%","100,00%","100,00%","100,00%","100,00%","96,26%","100,00%","92,72%","61,20%","96,07%","100,00%","100,00%","100,00%","100,00%","100,00%","94,74%","96,38%","96,39%","96,33%","100,00%","100,00%","100,00%","46,81%","99,44%","100,00%"
grass,"64,44%","69,36%","30,50%","66,85%","92,61%","53,11%",,"86,85%","88,94%","57,21%","94,47%","92,12%","91,08%","53,75%","67,93%","58,50%","76,74%","98,20%","86,26%","94,67%",,"100,00%","100,00%","100,00%","37,06%","43,83%","91,36%","39,56%","43,92%","43,25%","42,70%","86,24%",,"59,19%"
green,"34,37%","35,40%","40,12%","75,74%",,"68,30%","95,33%","92,98%","94,72%","44,26%","44,66%","94,14%","95,88%","72,41%","71,51%","73,36%",,"94,82%","86,70%","88,70%","99,34%","94,85%","94,40%","85,67%","41,32%","85,89%","82,77%","60,42%","62,96%","62,64%","60,88%","82,60%","65,84%","65,75%"
guts,"62,66%","69,03%","68,63%","95,17%","96,85%",,"94,82%","94,45%","100,00%","75,84%","76,03%","100,00%","99,79%","87,73%","60,58%","81,17%",,"76,07%",,"99,96%","100,00%","72,49%",,"75,59%","86,74%","91,80%","94,07%","90,64%","59,50%","59,39%","73,82%","90,17%","98,35%","11,77%"
hair,"77,03%","73,60%","77,15%","71,12%","89,50%","96,27%","97,30%","95,55%","100,00%","74,79%","79,81%","77,48%","96,68%","95,80%","92,29%","92,92%","95,95%","94,28%","96,16%","74,44%","71,15%","100,00%","100,00%","100,00%","89,49%","87,80%","69,11%","89,52%","88,80%","88,95%","88,75%","89,34%","88,89%","89,68%"
hand,"90,19%","90,54%","90,65%","64,29%","53,51%","82,76%","81,25%","85,09%","88,88%","100,00%","100,00%","100,00%","100,00%","100,00%","41,98%","45,21%","92,75%","100,00%","55,97%","32,34%","100,00%","100,00%","100,00%","100,00%","98,22%","98,22%","98,21%","96,45%","93,40%","93,56%","93,95%","98,23%","100,00%","100,00%"
he,"56,66%","50,11%","57,23%","99,81%","99,34%","98,81%","94,34%","96,99%","16,10%","59,51%","59,62%","18,09%","49,70%","93,26%","100,00%","100,00%","93,54%","46,77%","46,50%","36,90%","41,15%","53,89%","55,23%","53,45%","82,91%","40,11%","83,20%","84,05%","40,11%","39,68%","83,96%","83,71%","83,31%","40,09%"
head,"76,73%","76,69%","76,74%","87,38%","95,16%","93,39%","94,59%","92,26%","97,39%","87,62%","96,66%","96,73%","93,98%","94,36%","88,69%","87,37%",,"96,67%","90,41%","77,44%","99,56%","100,00%","100,00%","100,00%","100,00%","100,00%","100,00%","98,90%","99,98%","99,43%","100,00%","98,58%","100,00%","97,30%"
hear,"51,38%","47,48%","48,05%","56,99%","0,00%","48,01%","49,72%","51,96%","52,50%","50,96%","50,65%","52,49%","48,60%","61,52%","60,87%","61,55%","39,17%","51,68%","43,75%","53,66%","50,07%","42,40%","19,73%","42,73%","44,70%","45,93%","100,00%","45,50%","44,45%","44,65%","44,41%","45,36%","41,89%","22,62%"
heart,"77,19%","89,81%","90,38%","66,12%","57,70%","70,65%","86,56%","88,15%","98,16%","48,28%","72,39%","89,48%","94,75%","48,48%","61,21%","52,60%","54,52%","98,54%","64,61%","95,65%","73,85%","93,47%","93,73%","93,69%","37,27%","38,17%","80,98%","62,17%","53,54%","53,85%","44,51%","82,85%","61,22%","74,84%"
heavy,"78,67%","79,80%","79,91%","82,22%","78,58%","99,67%",,,"94,14%","66,42%","66,42%","96,25%","96,27%",,"96,74%",,,"96,54%","94,80%","59,13%",,"64,68%","64,63%","58,81%","87,07%","63,50%","83,08%","63,79%","63,88%","63,88%","63,80%","84,99%",,"71,47%"
here,"90,77%","59,60%","91,83%","64,93%","91,03%","67,07%","93,11%","92,68%","60,46%","22,57%","61,08%","60,92%","61,21%","30,42%","25,08%","100,00%",,"60,79%","60,08%","99,94%","100,00%","100,00%","100,00%","100,00%","100,00%","100,00%","72,15%","71,11%","100,00%","90,62%","100,00%","99,98%","100,00%","99,96%"
hit,"62,89%","74,58%","74,61%","62,90%",,"95,20%",,"88,42%",,,"53,51%","74,12%","74,73%","74,63%","74,30%","74,41%","74,64%",,,"74,60%","67,62%","69,51%","69,38%","72,88%","76,84%","76,96%","93,72%","65,10%",,,"93,90%","56,22%","38,53%","64,51%"
hold,"30,83%","76,95%","76,47%","73,75%","65,35%","81,49%","78,18%",,"74,83%","15,00%","60,39%","61,49%","78,11%",,"68,96%","53,47%","51,89%","80,32%",,"77,97%","75,67%","61,21%","69,49%","82,09%","50,21%","43,67%","80,85%","64,77%","71,57%","71,58%","71,76%","70,64%","92,19%","76,03%"
horn,,,"49,20%","98,07%",,,,"97,88%","97,85%","51,29%","72,69%","71,25%",,"78,89%","19,95%","87,68%","57,92%","100,00%","53,62%","99,96%","100,00%","99,47%","99,48%",,"80,11%",,"90,56%",,"72,36%","73,52%","81,04%",,"57,07%","56,65%"
how,"58,89%","78,57%","69,88%","77,69%","69,93%","35,82%","99,89%","42,69%","51,70%","46,53%","80,42%","26,75%","62,70%","87,54%","78,71%","87,34%","87,71%","83,50%","82,86%","58,81%","93,71%",,"84,56%","77,59%","90,13%","90,52%","95,36%","89,42%","90,53%","67,28%","90,83%","90,78%","94,95%","91,83%"
hunt,"44,84%","82,41%",,"78,54%",,"64,48%",,,"69,61%","77,81%","73,34%","73,91%","74,54%","74,70%","71,95%","74,71%","72,74%","58,86%",,,,"82,09%","55,05%","77,64%","100,00%","100,00%","100,00%","99,84%","99,38%","99,64%","99,37%","98,10%",,"96,86%"
husband,"75,41%","75,53%","56,47%","78,42%","90,46%","92,52%","96,37%","94,65%","98,20%","73,56%","73,07%","94,80%","94,84%","85,78%","72,14%","73,04%","90,45%","77,05%","63,90%","100,00%","48,79%","95,76%","95,39%","95,16%","79,33%","89,64%","87,36%","86,66%","88,27%","81,32%","89,62%","88,74%","100,00%","87,55%"
I,"8,37%","8,30%","9,29%","42,41%","8,26%","7,60%","80,84%","7,78%","38,82%","100,00%","15,39%","87,62%","20,12%","49,88%","40,09%","50,69%","50,45%","51,03%","93,67%","91,84%","12,19%","93,68%","90,03%","93,71%","46,39%","46,09%","45,46%","82,25%","86,63%","86,97%","85,44%","100,00%","86,00%","40,13%"
ice,,"68,13%","67,67%",,,,,"87,23%","96,02%","69,50%","69,53%","100,00%","100,00%","98,73%",,,,"100,00%",,,,"98,70%","99,58%",,"100,00%","100,00%","100,00%","100,00%","100,00%","100,00%","99,46%","99,67%",,"99,97%"
if,"88,23%","100,00%","100,00%","54,02%","81,00%","61,26%","97,68%",,"100,00%","85,58%","84,73%","100,00%","100,00%","90,86%","100,00%","89,11%","96,34%","89,87%","90,35%","100,00%","100,00%","100,00%","100,00%","100,00%","100,00%","100,00%","100,00%","100,00%","100,00%","100,00%","100,00%","99,98%","100,00%","99,94%"
in,"44,23%","77,74%","71,91%","49,79%",,"90,62%","91,97%","41,81%","100,00%","17,22%","56,26%","89,22%","89,93%","40,25%","77,47%","87,30%","77,64%","100,00%",,"52,45%","76,48%",,,,"81,84%","76,50%","87,95%","27,21%","76,08%","76,11%","75,72%","87,77%","88,10%","84,00%"
kill,"74,83%","74,85%","74,81%","71,61%","72,15%","75,35%",,"75,22%","69,85%","73,71%","78,15%","74,05%","70,07%","74,96%","74,83%","74,84%","74,98%","70,21%","75,06%","78,32%","78,32%","78,53%","78,45%","78,63%","66,97%","93,83%","93,86%","28,97%","93,74%","94,30%","27,88%","26,97%","99,85%","27,65%"
knee,,"37,93%","65,27%","18,86%",,"66,84%",,"17,72%","86,95%",,,"87,14%",,"93,61%","77,46%","41,99%",,"78,57%",,"87,66%","28,86%","91,84%","77,69%","93,69%","89,11%","89,37%","31,42%",,"88,93%","88,97%","89,14%","91,79%","90,73%","91,75%"
know,"74,50%","74,67%","74,72%","61,39%","71,95%","75,08%","74,89%","53,36%","75,17%","45,91%","78,02%","77,94%","70,55%","61,82%","72,96%","71,16%",,"66,57%","70,59%","74,64%","75,83%","72,58%","71,60%","72,68%","68,76%","68,20%","68,15%","64,56%","44,25%","44,51%","44,48%","73,86%","72,68%","73,17%"
lake,,"47,14%","63,80%","70,43%",,,,"90,69%","89,70%","83,89%","100,00%","100,00%","99,79%","38,37%",,"100,00%",,"100,00%",,"91,13%",,"96,82%",,,"91,65%","100,00%","100,00%","91,92%","100,00%","100,00%","99,55%","81,60%",,"100,00%"
laugh,"56,36%","57,87%","58,49%","68,16%","39,49%","63,80%","56,87%","59,28%","59,51%","55,12%","55,64%","51,34%","51,64%","50,54%","50,88%","54,70%","42,67%",,,"44,20%","55,01%","61,18%","43,33%","62,45%","25,68%","40,23%","44,35%","45,31%","45,20%","44,94%","49,34%","69,73%","59,17%","40,99%"
leaf,"63,92%","60,47%","65,58%","65,80%","93,32%","90,49%","85,43%","89,91%","83,68%","87,88%","88,12%","80,32%","81,50%","22,56%","59,80%","25,68%","24,83%","98,20%","86,26%","92,86%",,"90,38%","90,37%","90,40%","94,50%","92,47%","91,09%","98,41%","91,73%","91,54%","94,38%","94,19%","93,66%","94,04%"
left,,"57,22%","65,40%","68,87%",,"77,90%",,,"78,25%","81,44%","81,72%","77,03%","77,18%","61,44%","51,79%","34,29%","62,50%","81,22%","73,70%",,"69,03%","96,33%",,"89,86%","95,02%","98,67%","100,00%","95,66%","100,00%","100,00%","95,25%","96,01%",,"96,71%"
leg,"91,64%","92,40%","100,00%","56,64%","100,00%","89,64%","94,46%","58,44%","100,00%","94,40%","100,00%","98,91%","97,72%","91,15%","73,03%","74,87%","87,51%","92,67%","96,44%","12,48%","82,60%","99,46%","99,48%","90,16%","82,71%","82,82%","82,60%","83,02%","82,54%","82,78%","82,53%","82,62%",,"88,08%"
lie,"56,15%","81,13%","81,14%","60,45%","58,13%","63,49%","74,73%",,"59,94%","63,06%","63,41%","59,81%","63,17%","61,36%",,,,"57,32%","60,15%",,,,"64,77%",,"100,00%","100,00%","100,00%","99,85%","75,43%","75,72%","99,76%","96,07%","97,28%","97,50%"
live,,"72,39%","71,47%","69,90%",,"73,07%","96,48%","68,57%","70,14%","77,98%","78,42%","73,46%","73,41%","74,82%","29,32%","72,24%","29,53%","71,74%",,"68,26%","75,96%","76,08%","75,77%","75,84%","72,77%","72,71%","72,10%","73,08%","72,73%","72,55%","73,17%","70,02%",,"86,66%"
liver,"39,42%","40,55%","40,27%","65,87%","36,65%","64,90%",,"72,89%","59,42%","39,93%","39,34%","59,98%","99,86%","95,80%","85,20%","95,72%","95,93%","100,00%",,"53,56%","84,76%","92,46%",,"92,27%","86,09%","86,45%","87,12%","86,42%","87,50%","87,09%","87,50%","87,45%","86,23%","56,40%"
long,"75,49%","72,00%","77,37%","67,22%","75,42%","78,25%","79,53%","79,91%","100,00%","76,35%","79,95%","100,00%","100,00%","95,25%","71,07%","94,83%","94,69%","78,19%","78,55%","98,12%","77,65%","99,47%","99,48%","90,27%","96,24%","53,52%","97,72%","98,19%","52,28%","96,04%","53,65%","51,88%","56,86%","95,60%"
louse,"45,96%","68,83%","41,19%","37,50%","63,76%","95,15%",,"76,45%","89,84%","65,44%","64,86%","89,90%","89,84%",,,,,"98,53%",,"36,04%",,"79,90%","97,94%",,"100,00%","100,00%","100,00%","100,00%","100,00%","100,00%","100,00%","93,94%","100,00%","93,67%"
man(adultmale),"55,13%","56,58%","56,47%","61,56%","88,56%","87,30%","93,54%","86,46%","88,73%","52,13%","55,14%","88,81%","88,22%","89,82%","90,74%","90,26%","90,45%","87,21%","63,90%","67,45%","72,51%","94,48%","80,48%","94,61%","84,22%","50,99%","99,48%","71,23%","67,73%","68,04%","67,46%","50,37%","46,61%","50,32%"
man(humanbeing),,,,"73,47%",,"88,43%",,"74,85%","95,72%","22,61%","22,23%","78,99%","96,08%","91,28%","24,93%","94,96%","90,50%","93,99%",,"86,55%","88,07%","92,40%","92,42%","90,91%","41,54%",,"37,71%",,"39,40%","39,93%","39,92%","84,17%","37,00%","80,32%"
many,"46,25%","28,70%","40,42%","94,82%",,"59,91%","75,48%","71,79%","60,42%","19,92%","64,55%","61,26%","61,56%","78,28%","91,56%","93,66%","89,73%","57,75%","53,22%","60,74%","100,00%","100,00%","100,00%","100,00%","100,00%","100,00%","100,00%","93,05%","93,85%","93,59%","96,56%","93,87%","100,00%","100,00%"
meat,"35,43%","41,95%","51,18%","78,16%","98,59%","72,34%","96,34%","97,62%","97,82%","45,88%","52,22%","98,00%","97,76%","78,24%","71,28%","75,36%","78,22%","94,21%","85,27%","98,18%","82,71%","95,78%","95,34%","87,36%","78,16%","83,26%","83,01%","83,00%","83,05%","83,31%","83,77%","70,85%","49,75%","72,33%"
moon,,"90,57%","90,46%","32,88%","33,73%","28,92%","96,02%","20,98%","69,81%",,,,,"51,70%","48,39%","14,04%",,"30,26%","30,24%","99,96%","100,00%","100,00%","100,00%","100,00%","95,27%","97,68%","97,18%",,"98,64%","98,91%","97,47%","98,62%","98,41%","98,45%"
mother,"80,67%","80,35%","86,16%","86,01%","86,21%","86,60%","88,20%","86,47%","88,43%","49,58%","94,61%","48,04%","83,06%","87,70%","46,85%","10,00%","88,14%","88,31%","88,83%","99,92%","87,15%","94,91%","67,92%",,"87,23%","87,25%","79,18%","87,26%","87,54%","87,71%","87,97%","87,72%","87,21%","87,33%"
mountain,"43,61%","68,59%",,"74,90%","76,88%","76,19%",,"73,44%","94,97%","36,79%","69,83%","95,31%","100,00%",,,,,"96,67%",,"96,92%","100,00%","100,00%","100,00%","100,00%","84,45%","92,95%","92,97%","51,57%","91,93%","91,88%","87,05%","84,51%","72,57%","72,96%"
mouth,"69,70%","69,23%","69,12%","72,06%","93,52%","95,27%","91,27%","94,85%","96,43%","90,19%","88,69%","90,49%","91,71%","96,81%","91,31%","72,75%","98,06%","100,00%","94,32%","99,96%","99,34%","100,00%","100,00%","100,00%","100,00%","100,00%","100,00%","100,00%","77,68%","100,00%","100,00%","98,10%","48,35%","98,09%"
name,"64,42%","63,91%","63,77%","75,87%","99,51%","98,21%","94,00%","97,67%","100,00%","67,62%","69,70%","99,56%","100,00%","100,00%","77,15%","100,00%","100,00%","94,89%","93,48%","62,83%",,"99,46%","88,84%","100,00%","96,39%","96,46%","96,46%","96,44%","100,00%","100,00%","100,00%","96,41%","99,45%","100,00%"
narrow,"51,99%","63,52%",,"84,63%",,,"98,86%","95,42%","83,91%","60,99%","61,18%","65,18%","65,21%","66,96%",,,,,,,"82,61%","96,44%","96,14%",,"74,96%","62,08%","97,83%","47,00%","59,09%","57,68%","58,45%","86,18%",,"66,27%"
near,"43,73%","42,75%","44,40%","78,67%","92,55%","93,42%","97,63%","96,63%","97,85%","41,22%","42,71%","95,80%","97,77%","78,01%","77,59%","78,20%","78,11%","98,28%","93,95%","98,17%","76,52%","99,47%","99,48%","90,25%","85,96%",,"100,00%","77,18%","89,18%","89,55%","81,94%","84,62%","62,76%","81,63%"
neck,"75,97%","76,42%",,"74,71%","79,79%","74,44%",,"96,88%","76,84%","75,94%","75,46%","77,94%","77,99%",,,,,"95,36%",,,"83,05%","100,00%","73,13%","100,00%","86,91%","55,99%","100,00%","100,00%","100,00%","100,00%","100,00%","91,89%","100,00%","91,75%"
new,"64,75%","64,81%","64,85%","58,28%","83,64%","90,56%","98,70%","95,73%","92,62%","69,59%","69,48%","92,11%","95,15%","95,85%","96,36%","95,22%","96,13%","94,83%","96,12%","91,69%","96,95%","96,83%","96,77%","96,58%","59,86%","59,62%","100,00%","100,00%","100,00%","54,45%","88,32%","99,95%","54,07%","94,11%"
night,"60,37%","59,99%","44,09%","79,51%","98,72%","78,82%","79,49%","82,00%","78,04%","53,42%","30,25%","78,10%","78,06%","71,36%","71,93%","69,37%","76,71%","97,94%","75,26%","100,00%","100,00%","100,00%","100,00%","100,00%","56,11%","98,79%","58,64%","59,34%","47,64%","69,93%","71,43%","97,59%","54,21%","74,74%"
nose,"94,28%","94,36%","93,18%","74,99%","94,99%","91,07%","90,50%","93,61%","97,84%","87,67%","91,97%","97,99%","93,79%","37,35%","36,40%","49,44%","35,69%","94,39%","91,32%","58,94%","76,77%","99,48%","99,48%","98,52%","86,60%","86,18%","100,00%","99,69%","84,02%","84,10%","99,51%","39,49%","99,86%","29,22%"
not,"38,40%","56,60%","52,75%","50,75%","53,88%","54,67%","74,02%","51,05%","37,62%","19,10%","38,04%","37,82%","36,80%","51,59%",,,,"84,25%","84,35%","100,00%","87,39%","100,00%","100,00%","100,00%","96,39%","96,46%","100,00%","100,00%","100,00%","100,00%","99,32%","100,00%","100,00%","100,00%"
old,"59,47%","64,33%","61,80%","52,67%","73,92%","89,72%","89,42%","89,22%","83,49%","63,60%","44,79%","85,06%","85,15%","36,13%","36,52%","40,60%","38,98%","79,21%","86,21%","42,70%","90,35%","90,31%","90,35%","90,29%","94,71%","92,86%","92,90%","95,77%","67,49%","95,77%","67,28%","67,29%","95,67%","95,78%"
one,"100,00%","100,00%","100,00%","5,35%","4,61%","10,82%","5,01%","26,19%","100,00%","100,00%","100,00%","100,00%","100,00%","91,82%","73,85%","91,54%","91,54%","100,00%","46,44%","100,00%","55,58%","100,00%","76,89%","55,56%","4,91%","4,38%","25,32%","0,00%","4,10%","4,99%","1,75%","80,74%","91,59%","91,26%"
other,"96,43%","41,50%","41,86%","69,54%","89,15%","55,46%","52,92%","38,99%","60,04%","27,65%","25,95%","60,04%","58,80%","60,23%","40,34%","62,34%","54,78%","71,86%","32,83%","92,96%","75,13%","100,00%","100,00%","100,00%","32,13%","37,77%","72,48%","34,13%","72,73%","72,84%","69,14%","76,87%","76,17%","78,49%"
play,"60,47%","72,16%","78,25%","69,87%","65,74%","70,56%","70,10%","72,11%","71,99%","55,78%","78,23%","74,91%","78,06%","65,07%","62,64%","72,63%","71,71%",,"70,85%","50,74%","66,58%","70,69%","70,58%","70,80%","100,00%","100,00%","100,00%","99,68%","98,72%","99,26%","99,49%","96,00%","97,38%","96,01%"
pull,"76,38%","76,85%",,"72,20%","50,05%","76,52%",,"72,60%","78,03%","23,78%","23,59%","74,02%","74,13%","38,41%","57,02%","43,35%","55,83%",,,"72,93%","66,18%","41,35%","77,55%","72,96%","100,00%","89,69%","100,00%","86,54%","86,50%","86,77%","89,63%","88,00%","80,25%","80,13%"
push,,"66,83%","71,82%","32,22%",,"42,82%",,,"32,74%","73,44%","77,12%","78,06%","73,67%","75,38%","67,18%","75,07%","73,38%","74,31%","67,68%",,"76,30%","76,74%",,"70,89%","100,00%","100,00%","100,00%","99,85%","85,91%","86,09%","99,76%","99,25%","60,69%","99,24%"
rain,"39,27%","39,36%","62,02%","68,38%","91,90%","23,47%","94,79%","28,39%","96,11%","97,35%","98,13%","95,13%","95,10%","90,58%","90,09%","72,31%","87,93%","94,79%","82,19%","84,62%","63,78%","99,67%","99,67%",,"94,48%","94,53%","94,16%","90,40%","94,11%","94,47%","94,17%","94,53%","94,47%","95,29%"
red,"72,92%","78,27%","74,78%","41,09%","48,50%","65,07%","75,67%",,"83,15%","78,96%","46,63%","64,23%","64,12%","44,00%","78,47%","50,12%","49,69%","88,77%","85,36%","58,45%","61,17%","72,25%","68,89%","71,56%","72,52%",,"82,86%","82,21%","84,13%","84,38%","86,16%","81,86%","96,75%","80,18%"
right,"47,70%","42,79%","42,86%","48,06%",,"46,21%","44,84%","44,64%","83,36%","25,37%","24,91%","37,58%","37,25%","39,47%","60,36%","51,30%","50,72%","98,74%",,"47,32%","98,46%","99,55%","99,56%","96,28%","85,81%","93,70%","55,80%","96,22%","96,06%","89,76%","96,11%","87,73%","96,08%","88,24%"
river,"30,10%","47,97%","58,42%","54,19%",,"100,00%",,"62,63%","95,89%","99,06%","100,00%","95,87%","94,84%","26,11%","61,68%","46,42%","39,56%","95,27%",,"95,90%","92,40%","100,00%","60,89%","100,00%","69,98%","76,03%","66,59%","76,62%","76,31%","76,30%","76,80%","85,99%","91,02%","78,82%"
road,"59,99%","76,89%","75,35%","65,80%","91,40%","95,95%","88,56%","100,00%","76,65%","100,00%","100,00%","77,39%","96,65%","56,30%","75,91%","52,89%",,"100,00%","96,62%","66,16%","96,51%","100,00%","100,00%","100,00%","90,35%","89,60%","24,50%","91,15%","90,98%","91,12%","90,86%","87,72%","100,00%","91,77%"
root,"71,39%","61,15%","83,85%","51,85%",,"97,34%",,"93,26%","95,97%","95,91%","95,93%","93,29%","93,33%","43,52%","44,21%","50,92%",,"93,11%",,"95,89%",,"97,41%","97,38%","97,39%","78,72%","91,74%","84,20%","89,35%","89,00%","89,03%","67,55%","90,98%","59,64%","89,99%"
rope,"43,37%","43,90%","44,42%","75,32%","96,81%","66,40%","94,48%","92,62%","97,83%","97,54%","94,13%","97,96%","97,71%","72,00%","67,96%","32,15%","72,16%","98,26%","90,09%","96,09%",,,,,"84,24%","91,46%","90,66%","84,36%","83,92%","83,12%","85,06%","93,98%","99,43%","73,72%"
rotten,"59,95%","59,81%","60,10%","75,79%","68,90%","98,48%",,"95,28%","100,00%","72,56%","72,51%","100,00%","100,00%","84,42%",,"86,12%",,"64,08%",,"60,20%",,"90,32%",,,"79,26%","89,60%","87,36%","86,74%","86,15%","86,31%","89,67%","88,76%",,"87,62%"
round,,"65,24%","66,67%",,"72,61%","89,01%",,"73,77%","91,20%",,,"70,91%",,"82,30%","73,25%","84,68%",,"97,19%","73,85%","62,22%",,"96,36%","96,04%","93,19%","53,79%","87,75%","70,68%",,"76,33%","75,96%","78,64%","73,38%",,"74,40%"
rub,"50,21%","79,25%",,"72,61%","34,79%","78,63%","77,82%","75,84%","34,70%","62,44%","62,46%","49,13%","49,07%","45,42%","41,16%","43,87%","42,39%","27,78%","40,52%","48,43%",,,,,"84,15%","64,07%","90,73%","63,03%","91,00%","91,68%","79,86%","59,96%",,"61,61%"
salt,"100,00%","100,00%","100,00%","69,76%","100,00%","99,47%",,"100,00%","94,35%","98,73%","99,32%","100,00%","100,00%","65,44%","66,70%","51,53%","62,92%","100,00%","100,00%","67,44%","61,01%","100,00%","100,00%","100,00%","94,89%","100,00%","97,13%","98,88%","99,98%","99,44%","94,02%","97,17%","70,43%","91,82%"
sand,,"49,65%","69,03%","66,45%",,"45,67%",,"43,03%","19,42%","41,34%","41,81%","92,44%","92,12%","55,92%","38,12%","38,55%",,"73,87%","64,14%",,,"99,47%","79,34%","98,50%","67,41%",,"83,72%","84,20%","85,44%","83,88%","83,11%","88,84%","83,31%","84,87%"
say,"56,21%","75,00%","77,78%","71,40%",,"75,23%","75,09%","75,14%","19,41%","24,15%","23,65%","16,70%","15,95%","23,20%","50,63%","31,21%","30,20%","73,71%","74,86%","61,22%","72,73%","72,74%","41,69%","72,81%","55,76%","63,18%","62,10%","63,08%","54,27%","54,17%","63,01%","84,76%","68,54%","60,59%"
scratch,"46,17%","52,88%","56,10%","68,48%","53,92%","59,24%","78,25%",,"74,62%","74,15%","74,66%","74,21%","77,94%","77,38%","77,40%","77,88%","74,51%","52,26%","78,15%","27,93%",,"82,16%","82,00%","82,10%","92,72%","95,45%","97,31%","94,07%","83,85%","83,90%","87,13%","93,62%",,"93,54%"
sea,"97,45%","97,82%","96,93%","47,55%","65,48%","91,48%","98,47%","96,78%","96,35%","98,17%","100,00%","96,66%","96,28%","57,87%","59,80%","45,55%",,"97,13%","97,20%","82,09%",,"96,99%","99,48%","77,81%","72,99%","73,18%","89,83%","73,13%","73,20%","73,41%","73,28%","89,58%","100,00%","74,72%"
see,,,,"65,39%",,"68,10%","67,04%","68,05%","54,43%","63,69%","56,22%","57,37%","50,80%","58,23%","56,52%","61,51%","58,24%","56,70%","57,68%","76,62%","61,75%","77,66%","77,61%","76,81%","51,59%","51,84%","51,97%","52,75%","52,66%","51,80%","51,24%","92,63%","48,15%","27,88%"
seed,"70,51%","68,78%","74,94%",,"69,81%","71,75%",,"73,70%","96,76%","28,65%","33,16%","96,27%","96,27%","88,26%","88,45%","88,29%",,"74,75%","23,48%","52,40%","50,67%","96,53%","96,16%","96,53%","78,85%","93,86%","85,67%","80,65%","83,78%","83,99%","84,92%","94,07%","50,12%","66,16%"
sew,"75,20%","48,77%",,"72,26%","77,25%","78,40%","85,79%","71,58%","67,95%","18,43%","70,55%","73,67%","70,04%","62,82%","71,07%","73,90%","72,16%","71,77%","71,28%","78,07%",,"72,62%","75,58%","75,71%","71,85%","72,32%","66,79%","72,65%","72,24%","72,11%","72,33%","69,84%",,"70,32%"
sharp,"70,41%","70,68%",,"55,32%","70,22%","96,20%",,"95,41%","82,43%","56,47%","55,93%","76,24%","76,32%","82,30%","81,16%",,,,,,,"92,43%","91,82%","94,54%","73,82%",,"94,09%","99,85%","99,39%","99,64%","99,76%","74,14%",,"74,24%"
short,"42,64%","41,62%","42,62%","78,25%","91,83%","69,41%",,"98,05%","97,86%","40,91%","41,07%","98,03%","97,78%","78,06%","80,85%","78,10%","78,10%","98,30%","98,31%","60,89%","78,03%","99,46%","99,47%","90,19%","81,69%","93,86%","91,50%","81,06%","90,55%","81,45%","81,22%","85,04%",,"49,05%"
sing,"71,85%","66,87%","66,87%","54,88%","65,49%","69,98%",,"69,34%","63,95%","79,92%","74,81%","71,00%","70,03%","78,47%","70,67%","78,19%","71,75%","65,96%","66,33%","82,07%","78,42%","82,17%","82,12%","82,24%","94,01%","94,10%","94,07%","93,94%","76,98%","93,67%","93,78%","90,92%",,"90,94%"
sit,"70,83%","66,00%","78,02%","52,29%","63,79%","66,69%","71,86%","66,01%","66,16%","74,27%","78,20%","70,38%","74,49%","46,21%","77,62%","31,31%","43,09%","63,00%","68,81%","76,00%","81,77%","79,26%","78,60%","79,58%","100,00%","100,00%","72,09%","92,43%","45,92%","45,61%","69,86%","52,09%","50,61%","51,18%"
skin,"67,56%","64,70%","68,22%","76,21%","98,30%","96,56%","93,27%","97,68%","100,00%","67,38%","69,71%","99,46%","100,00%","100,00%","100,00%","100,00%","100,00%","93,76%",,"96,87%","91,24%","96,88%","72,17%","90,00%","100,00%","100,00%","100,00%","100,00%","100,00%","100,00%","99,66%","99,95%","100,00%","100,00%"
sky,"94,30%","97,26%","96,58%","57,54%",,"97,56%","31,32%","47,12%","100,00%","98,21%","100,00%","99,25%","98,89%","64,76%","64,32%","65,09%","62,14%","99,34%",,"94,44%","100,00%","100,00%","100,00%","100,00%","100,00%","100,00%","100,00%","68,55%","83,71%","99,43%","100,00%","93,81%",,"92,58%"
sleep,"79,04%","79,37%","79,00%","60,28%","55,05%","78,29%","80,81%","56,15%","55,79%","78,95%","79,63%","56,21%","80,88%","63,67%","50,14%","56,63%","63,80%","77,78%","78,54%","53,32%","49,55%","79,55%","79,17%","71,70%","47,93%",,"71,90%","62,58%","62,38%","61,94%","62,96%","83,63%","62,93%","62,03%"
small,"79,81%","79,72%","79,84%","76,11%","78,94%","66,79%",,"72,70%","100,00%","65,46%","85,11%","100,00%","95,65%",,,,,"100,00%","99,76%","100,00%",,"96,06%","76,94%",,"86,63%","40,13%","39,53%","91,65%","33,52%","31,69%","90,84%","39,01%","38,80%","30,57%"
smell,"51,32%","62,11%","62,03%","59,70%","55,96%","59,81%","62,23%","62,47%","51,95%","58,43%","58,25%","58,29%","57,90%","49,88%","49,24%","54,00%","48,38%","56,72%","58,65%","72,39%","54,58%","65,18%","69,24%","69,09%","67,83%","73,78%","72,80%","73,79%","76,87%","77,01%","72,23%","71,08%",,"65,84%"
smoke,"67,50%","68,12%","67,74%","75,65%","91,04%","100,00%","100,00%","82,61%","87,09%","67,01%","14,94%","100,00%","87,17%",,,,,"87,32%",,"78,03%",,"52,50%","100,00%","100,00%","93,95%","93,47%","94,47%","88,56%","93,55%","93,88%","97,73%","98,36%","57,80%","98,23%"
smooth,"67,63%","69,61%",,,,,"67,85%",,"97,57%","64,63%","69,98%","100,00%","100,00%",,,,,,"96,81%","100,00%",,"100,00%","84,89%","100,00%","100,00%","100,00%","97,59%","100,00%","100,00%","100,00%","100,00%","99,98%",,"70,93%"
snake,"54,97%","54,52%","55,08%","41,20%","97,30%","91,96%","94,04%","93,25%","100,00%","90,63%","100,00%","96,91%","96,18%","85,51%","38,31%","80,64%",,"91,90%","93,23%","98,96%","91,02%","97,90%","75,75%","98,46%","69,68%","82,74%","84,97%","73,50%","73,34%","73,24%","73,07%","84,73%",,"75,07%"
snow,,"68,13%",,,,,,"97,62%","96,52%","67,30%","69,61%","97,15%","96,45%",,"98,94%",,,,,,,"95,68%","96,00%",,,,"100,00%","99,33%","75,82%","99,66%","46,24%","96,69%",,"91,87%"
some,"78,73%","98,12%","56,54%","57,90%",,"72,81%","69,99%","59,26%","95,76%","40,39%","100,00%","28,93%","81,70%","64,77%",,,,"100,00%",,"99,97%","84,79%","100,00%","74,29%","100,00%","80,37%","84,96%","84,23%","84,41%","38,78%","39,69%","60,27%","94,69%",,"94,33%"
spit,"80,42%","80,68%","80,36%","86,05%","81,48%","82,11%","81,81%","85,96%","81,92%","38,01%","80,63%","82,02%","77,14%","62,26%",,"62,04%","62,43%","81,68%",,"65,40%","50,15%","82,21%","70,35%","82,52%","92,67%","95,44%","97,28%","94,06%","93,56%","93,82%","87,80%","91,10%",,"91,06%"
split,"67,58%","67,81%",,,,"70,67%","71,73%","66,58%","63,47%","77,22%","69,96%","75,27%","75,20%","84,15%","56,69%","54,07%","70,74%","83,63%",,"83,36%","63,64%","77,31%","81,34%","79,13%","86,23%","93,09%","59,75%","61,39%","62,23%","62,27%","61,66%","51,48%",,"60,02%"
squeeze,"67,82%","74,88%",,"78,10%",,,,,"62,57%","61,01%","76,73%","65,22%","65,02%","46,51%","52,36%","43,01%","50,15%","33,95%","62,64%","74,28%",,"65,80%","62,63%",,"79,24%","89,65%","98,17%","86,30%","85,79%","86,16%","89,57%","87,22%",,"92,79%"
stab,"74,75%","75,46%","75,11%","60,13%",,"81,96%","41,94%",,"82,81%","62,01%","74,32%","82,97%","82,09%","82,17%",,,,"65,62%",,"81,96%",,,,,,"100,00%","100,00%","71,49%","78,04%","94,55%","62,88%","74,91%",,"27,58%"
stand,"43,26%","65,65%","93,48%","60,50%","60,11%","59,40%","63,46%","63,25%",,"63,84%","79,57%",,,,"62,83%",,"47,72%",,,"76,80%","28,86%","83,00%","82,49%","83,14%","93,27%","92,71%","94,11%","93,95%","91,88%","92,24%","67,17%","54,17%","54,53%","64,84%"
star,"79,32%","79,47%","79,20%","78,19%","92,93%","73,81%","94,46%","95,16%","71,05%","100,00%","94,48%","74,23%","74,93%","68,00%","46,47%","65,11%",,"100,00%",,"33,32%",,"97,35%","80,86%","96,41%","65,26%","66,07%","70,95%","52,34%","66,17%","63,10%","98,61%","65,23%","63,45%","68,08%"
stick,"97,02%","97,34%","96,65%","57,71%","92,80%","100,00%","49,15%","100,00%","46,25%","59,17%","100,00%","43,66%","43,93%","45,39%",,"59,60%","45,32%","46,36%","39,85%","99,96%","100,00%","93,21%","100,00%","27,53%","91,36%","91,68%","91,96%","91,62%","93,93%","100,00%","93,93%","91,69%",,"93,17%"
stone,"61,01%","60,85%","61,17%","72,30%","96,01%","91,89%","93,30%","93,21%","100,00%","93,22%","100,00%","91,78%","91,42%",,,,,"67,64%","62,64%","89,23%","93,36%","94,77%","67,45%","97,22%","71,02%","84,46%","100,00%","78,90%","77,21%","77,75%","62,33%","79,25%","96,29%","75,44%"
straight,"37,22%","26,90%","27,12%","56,21%","37,44%","64,33%",,,"93,59%","67,34%","65,62%","94,20%","93,53%","45,11%","62,87%","65,32%","65,20%","82,27%",,,,"99,55%","99,56%","98,73%","43,15%","51,11%","59,58%","56,83%","54,42%","54,62%","51,08%","54,19%",,"73,68%"
suck,"60,94%","77,02%","100,00%","75,02%","74,29%","78,51%","78,31%","78,31%","74,75%","56,28%","56,22%","74,31%","78,17%","75,26%","74,68%","75,20%","73,33%","77,87%","75,05%","78,11%",,"78,37%","78,51%","78,64%","90,63%","91,24%","96,47%","90,98%","97,71%","98,28%","90,22%","89,13%",,"97,29%"
sun,"100,00%","100,00%",,"69,81%","100,00%","97,08%","95,72%",,"93,93%","96,61%","93,77%","95,94%","95,05%","64,42%","66,71%","51,07%","62,48%","100,00%","97,63%","66,77%","60,57%","100,00%","100,00%","100,00%","94,54%","93,80%","93,51%","97,63%","96,80%","96,76%","100,00%","97,11%","97,42%","94,48%"
swell,"69,71%","65,30%","72,75%","62,32%","57,00%","75,51%",,,"68,14%","72,67%","72,74%","67,41%","66,82%","78,16%","78,07%","78,40%","78,33%","70,19%",,"78,26%",,"78,53%","68,34%","78,57%","87,13%","98,17%","98,18%","91,85%","91,15%","91,51%","91,62%","90,97%","92,05%","72,31%"
swim,"74,82%","74,67%","74,55%","74,36%",,"75,12%","75,07%","74,78%","69,70%","77,68%","73,12%","73,78%","69,87%","61,75%","39,02%","61,80%","61,96%",,"74,95%","59,32%",,"74,08%","73,84%","74,08%","100,00%","100,00%","100,00%","99,84%","99,38%","99,64%","99,42%","96,90%",,
tail,"65,24%","59,59%","66,97%","54,20%","88,72%","100,00%","100,00%","97,02%","95,96%","57,56%","57,15%","96,96%","96,99%","90,31%","90,91%","77,09%","87,89%",,"100,00%","96,93%","89,69%","100,00%","100,00%","100,00%","79,13%","61,31%","93,05%","95,85%","91,96%","92,41%","87,73%","97,59%","97,92%","97,92%"
that,"41,81%","70,78%","59,83%","42,17%","64,89%","26,87%","49,48%","86,21%","63,03%","52,84%","52,19%","64,21%","46,27%","27,68%","44,92%","27,19%",,"44,06%","64,32%","94,48%","71,26%","100,00%","39,88%","100,00%","100,00%","100,00%","100,00%","91,54%","100,00%","68,32%","85,45%","99,98%","100,00%","99,94%"
there,"90,70%","91,75%","91,76%","39,56%","93,38%","66,58%","93,09%","79,71%","47,42%","100,00%","100,00%","100,00%","100,00%","91,74%","92,90%","100,00%","100,00%","100,00%","100,00%","95,84%","94,36%","94,84%","82,33%","100,00%","100,00%","100,00%","100,00%","100,00%","100,00%","100,00%","99,33%","100,00%",,"100,00%"
they,"56,89%","28,97%","29,70%","72,59%","24,88%","35,83%","43,49%","79,23%","37,39%","40,64%","35,56%","38,82%","58,74%",,,,,"100,00%","66,41%",,,"86,62%","33,62%",,"32,21%","31,21%","31,41%","16,74%","16,22%","16,21%","16,52%","38,13%","55,76%","37,85%"
thick,"69,13%","68,95%","69,02%","75,66%","91,88%","98,50%","93,97%",,"62,27%","69,28%","69,23%","61,41%","100,00%","89,23%","61,32%","83,19%",,"62,00%","66,21%","98,13%","81,16%","100,00%","100,00%","100,00%","69,63%","100,00%","93,08%","92,72%","92,45%","93,27%","93,63%","96,65%",,"94,59%"
thin,"65,17%","59,66%","69,45%","99,86%","91,60%","100,00%","100,00%","88,67%","100,00%","69,69%","69,72%","100,00%","100,00%","76,50%","78,07%","100,00%","77,57%",,"95,50%","61,79%","38,59%","94,07%","98,03%","94,54%","81,10%","82,87%","96,38%","97,63%","100,00%","100,00%","100,00%","97,62%","81,67%","99,96%"
think,,"71,38%","78,21%","67,95%","68,65%","71,45%",,"69,21%","74,61%","74,46%","78,21%","74,05%","73,24%","75,96%","77,83%","77,79%","73,90%","76,99%",,"81,93%","81,93%","79,26%","81,96%","82,00%","79,23%","94,09%","96,79%","93,93%","99,38%","99,64%","64,96%","81,06%","81,39%","93,34%"
this,,"39,40%","40,78%","94,01%","93,74%","94,65%","58,63%","93,27%","44,64%","75,00%","59,48%","45,35%","33,69%","89,78%","85,99%",,,"52,46%","55,58%","74,97%","66,69%","93,48%","100,00%","100,00%","100,00%","100,00%","100,00%","100,00%","41,01%","83,92%","90,34%","99,98%","100,00%","99,94%"
three,"80,48%","80,23%","79,88%","70,31%","66,80%","97,29%","99,95%","97,69%","94,69%","100,00%","100,00%","100,00%","94,01%","57,69%","33,01%","36,20%","33,85%","100,00%","96,66%","100,00%","100,00%","100,00%","100,00%",,"76,07%","78,02%","84,04%",,"78,85%","78,40%","78,85%","81,17%","86,23%","80,59%"
throw,"31,66%","31,85%","71,82%","57,43%",,"72,35%","78,11%","72,39%","44,46%","66,48%","33,46%","22,53%","21,94%","76,05%","68,89%","76,23%","73,96%","77,72%","78,26%","76,52%","72,91%","76,16%","77,55%","75,91%","92,01%",,"67,87%","98,50%","67,97%","92,30%","92,44%","91,03%",,"90,97%"
tie,"53,74%","53,21%","73,94%","55,62%","53,57%","59,52%","55,76%","57,03%","52,75%","62,25%","57,86%","53,02%","53,06%","53,11%","52,85%","59,13%","40,73%","56,07%",,"59,23%","54,73%","82,19%","58,15%","79,07%","58,62%","67,43%","89,91%","57,25%","88,34%","64,51%","99,26%","90,41%",,"83,91%"
tongue,"56,95%","56,80%","52,71%","60,41%","69,53%","59,75%","60,10%","62,37%","99,19%","74,26%","74,53%","100,00%","99,79%","58,87%","59,04%","76,68%","79,37%","100,00%",,"72,00%","99,67%","100,00%","100,00%","100,00%","74,65%","75,13%","93,44%","91,99%","91,93%","74,95%","87,53%","91,94%","91,91%","73,29%"
tooth,"65,12%","57,62%","67,40%","57,32%","73,48%","73,21%","71,14%","73,15%","100,00%","63,27%","69,78%","100,00%","100,00%","92,93%","71,03%","67,74%","84,94%","90,10%","67,54%","91,12%","93,25%","100,00%","100,00%","100,00%","84,57%",,"87,95%","86,94%","84,72%","84,85%","85,90%","88,00%","88,10%","86,16%"
tree,"15,99%","16,19%","16,33%","49,95%","51,52%","48,43%","46,97%","57,45%","55,89%","15,97%","15,61%","57,50%","57,82%","52,41%","67,73%","73,00%",,"94,68%","39,85%","99,96%","100,00%",,,,"100,00%","100,00%","100,00%","99,84%","99,36%","99,64%","98,91%","34,88%","38,71%","38,38%"
turn,"61,80%","72,99%","73,05%","73,58%","66,45%","71,39%","75,85%","74,77%","70,96%","21,08%","20,81%","73,59%","69,24%","62,96%","24,25%","24,71%","62,57%","72,12%","61,01%","76,68%","19,65%","77,63%","77,45%","76,63%","79,20%","89,62%","89,91%","67,46%","72,13%","71,94%","78,28%","87,99%","99,94%","86,82%"
two,"90,93%","90,57%","87,96%","58,88%","85,68%","85,30%","86,07%","85,54%","81,25%","90,99%","90,03%","87,33%","83,01%","55,64%","55,77%","57,89%","57,81%","85,47%","79,23%","85,64%","50,72%","100,00%","100,00%","100,00%","91,27%","92,80%","92,90%","94,72%","92,60%","92,74%","93,91%","95,08%","95,82%","91,79%"
vomit,"73,17%","67,12%",,"72,01%","49,45%","74,19%",,,"71,52%","46,50%","83,50%","80,12%","76,40%","70,71%","63,45%","73,72%","70,83%",,,"72,98%",,"83,16%","73,87%","74,22%","76,44%","66,87%","75,87%","76,69%","74,77%","74,69%","74,50%","74,52%",,"75,52%"
walk,"77,70%","77,94%","68,15%","46,61%","75,91%","62,02%","59,92%","78,63%","67,77%","63,18%","67,98%","58,96%","63,04%","63,36%","36,88%","36,95%","37,33%","60,91%","38,63%","49,77%","84,72%","84,78%","84,73%","84,81%","78,27%","78,30%","89,94%","78,35%","78,25%","78,28%","78,24%","88,51%","74,01%","73,72%"
warm,"65,46%","58,00%","67,90%","57,46%","73,62%","73,50%","71,26%","73,47%","100,00%","63,37%","69,95%","100,00%","100,00%","92,95%","93,00%","93,57%","89,78%","70,35%","66,01%","84,23%",,"82,24%","99,79%","83,22%","100,00%","100,00%","100,00%","100,00%","100,00%","100,00%","100,00%","95,11%","94,63%","95,28%"
wash,"71,01%","71,30%","71,17%","67,86%","65,60%","72,66%",,"70,59%","67,04%","77,77%","78,11%","66,94%","67,07%","72,05%","71,79%","73,77%","71,99%","66,92%","72,60%","76,02%","75,76%","76,03%","75,92%","75,85%","100,00%","100,00%","100,00%","99,84%","99,38%","99,64%","99,42%","99,26%","99,93%","99,27%"
water,"54,08%","54,00%","53,73%","45,65%","91,22%","77,35%","77,16%","79,21%","72,60%","94,37%","94,67%","72,44%","93,14%","94,02%","87,64%","94,32%","94,22%","52,68%","49,92%","71,17%","68,10%","96,80%","96,59%","96,85%","30,18%","29,69%","92,17%","30,00%","34,04%","33,15%","31,94%","93,98%","29,64%","86,65%"
we,"58,72%","100,00%","100,00%","65,81%","60,27%","89,44%","97,59%","97,61%","50,68%","88,26%","91,66%","95,95%","51,27%","50,11%","50,61%","52,31%","52,51%","91,93%","93,41%","95,69%","36,85%","40,61%","41,88%",,"100,00%","100,00%","83,84%","100,00%","100,00%","100,00%","100,00%","100,00%","100,00%","100,00%"
wet,"71,30%","70,69%","76,31%","80,73%","78,10%","96,84%","95,43%","96,66%","92,65%","65,80%","65,78%","93,34%","93,35%","86,44%","72,12%","52,62%","57,08%","91,88%",,"51,93%",,"59,27%","59,50%","59,34%","84,06%","100,00%","51,87%","99,85%","56,54%","99,64%","99,76%","99,26%",,"96,13%"
what,"98,77%","100,00%","100,00%","99,73%","99,04%","100,00%","97,72%","98,90%","69,29%","89,32%","48,31%","70,29%","70,67%","60,14%","51,56%","60,10%","83,81%","87,70%","98,19%","47,83%","100,00%","100,00%","100,00%","100,00%","83,83%","91,30%","82,61%","83,31%","90,94%","91,00%","81,59%","83,76%","93,14%","83,53%"
when,"58,65%","52,79%","49,40%","39,19%","81,59%","61,26%","86,14%","73,37%","70,40%","47,66%","55,12%","100,00%","97,72%","51,47%","59,75%","40,47%","51,11%",,,"76,25%","88,87%","100,00%","100,00%","100,00%","88,00%","88,12%","88,20%","88,28%","61,64%","61,63%","70,40%","88,03%","88,18%","88,27%"
where,"38,48%","38,06%","38,76%","48,20%","64,13%","63,04%","58,51%","66,23%","93,20%","52,64%","52,97%","93,64%",,"76,13%",,,,"56,42%",,"50,04%","59,44%","94,92%","94,50%","94,73%","100,00%","100,00%","58,08%","99,90%","99,59%","99,76%","99,75%","67,09%","100,00%","99,27%"
white,"61,31%","50,40%","65,34%","54,80%","64,62%","70,15%","70,24%","71,80%","100,00%","47,84%","60,68%","96,05%","96,01%","93,91%","49,68%","67,10%","70,24%","100,00%","68,69%","92,97%","91,74%","100,00%","100,00%","100,00%","87,43%","87,74%","87,34%","91,81%","46,27%","87,32%","87,21%","87,16%","87,37%","87,43%"
who,"96,31%","96,27%","100,00%","34,69%","95,51%","52,36%","48,96%","50,88%","33,38%","100,00%","100,00%","33,27%","32,76%","100,00%","62,62%","94,96%","35,02%","90,29%","89,74%","100,00%","100,00%","100,00%","100,00%","100,00%","100,00%","100,00%","100,00%","100,00%","100,00%","86,36%","90,57%","100,00%","37,97%","100,00%"
wide,"41,97%","41,83%","42,00%","96,82%","39,62%","94,53%","94,30%","97,53%","97,81%","31,01%","30,89%","98,00%","97,77%","68,16%",,"78,35%",,"98,26%","95,32%","99,96%",,"100,00%","100,00%","100,00%","87,73%",,"93,12%","86,63%","87,61%","86,57%","86,14%","57,38%",,"54,64%"
wife,"93,01%","97,44%","94,67%","59,02%","98,19%","73,27%","93,05%","92,67%","87,91%","38,51%","61,96%","68,66%","89,83%","45,14%","48,15%","21,30%",,"63,03%","62,09%","99,97%","70,80%","91,72%","91,76%","33,62%","90,68%","82,57%","100,00%","94,00%","93,48%","93,65%","94,12%","100,00%","100,00%","91,28%"
wind,"62,23%","54,96%","64,75%","51,75%","60,18%","70,63%","73,75%","70,48%","25,09%","63,31%","69,77%","95,17%","95,14%","96,18%","72,93%","97,48%","72,04%","94,38%",,"100,00%",,"100,00%","100,00%","100,00%","88,23%","88,10%","88,17%","88,23%","87,89%","87,88%","88,04%","63,98%",,"87,13%"
wing,"56,53%","59,06%","58,86%","57,95%","96,33%","93,71%","85,59%",,"94,40%","90,93%","100,00%","92,74%","93,23%","98,20%","92,92%","98,53%","95,11%","100,00%","81,30%","99,89%","100,00%","100,00%","100,00%",,"51,30%","50,35%","100,00%","51,41%","52,87%","52,25%","49,60%","97,97%",,"95,64%"
wipe,"75,16%","74,84%","78,09%","55,79%","60,35%","68,80%","84,31%",,"74,99%","72,34%","78,29%","74,11%","73,72%","45,42%",,"43,87%",,"68,61%","70,08%","66,51%","81,88%","81,84%","82,03%",,"84,15%","64,07%","71,50%","71,29%","74,66%","74,91%","75,33%","59,97%",,
with,"88,97%","85,63%","86,11%","48,25%",,"83,61%","91,64%","64,99%","84,28%","61,80%","62,16%","84,19%","85,11%","84,13%","83,90%","100,00%","84,42%","83,72%",,"85,24%",,"100,00%","100,00%","100,00%","12,53%","12,31%","100,00%","38,59%","81,93%","81,77%","92,18%","36,55%","37,26%","96,66%"
woman,"93,01%","97,44%","94,67%","59,02%","98,19%","73,27%","72,07%","74,94%","87,91%","48,63%","61,96%","68,66%","89,83%","45,14%","48,15%","21,30%",,"63,03%","62,09%","65,68%","70,80%","91,72%","91,76%","82,49%","90,68%","90,65%","100,00%","90,80%","91,28%","91,50%","91,93%","100,00%","100,00%","100,00%"
worm,"69,49%","69,59%","69,51%","66,44%",,,"98,86%","50,09%","100,00%","99,20%","100,00%","100,00%","100,00%","96,05%","94,94%","95,98%","93,61%",,,"89,47%",,,,"100,00%","63,01%","62,93%","82,77%","63,27%","62,96%","62,64%","59,21%","84,85%",,"63,94%"
year,"53,35%","53,01%","53,14%","64,62%","75,38%","93,76%","94,65%","93,27%","91,72%","46,27%","47,43%","92,85%","93,29%","90,69%","92,83%","91,44%","91,80%","93,40%","93,48%","77,00%","100,00%","82,86%","90,77%","100,00%","90,65%","76,50%","54,92%","99,79%","92,79%","93,23%","33,95%","99,02%",,"84,31%"
yellow,"62,86%","62,92%","61,30%","75,62%","60,44%","76,57%","75,81%","78,99%","92,18%","59,55%","81,62%","78,20%","78,37%","71,72%","74,68%","77,00%","71,65%","92,24%",,,"74,26%","97,40%","83,20%","98,93%","92,00%","94,82%","100,00%","91,09%","88,33%","88,83%","95,43%","96,76%","44,04%","44,09%"
you(plural),,"63,52%",,"45,48%",,"53,16%","63,07%","60,37%","31,32%","43,87%","16,83%","31,57%","35,17%",,,"26,05%",,"93,10%","93,64%","48,73%",,"45,87%",,,"32,21%","45,11%","83,84%","33,40%","41,08%","41,23%","37,48%","38,13%","34,50%","38,43%"
you(singular),"63,96%",,"63,05%","89,71%","82,53%","92,57%","95,99%","92,27%","45,95%","38,86%","43,42%","50,69%","46,04%","49,31%","48,55%","87,24%","49,18%","52,45%","52,97%","51,62%",,"100,00%","94,04%","57,78%","37,86%","38,48%","78,25%","38,08%","40,30%","40,48%","64,00%","100,00%","83,81%","75,58%"