Gloss,Korlai,Daman,Diu,Sri Lanka PT,Kannur,Malacca,Macau,Tugu/Batavia,Santiago CV,Santo Antão CV,SãoVicente CV,Fogo CV,Brava CV,Santome,Fá d'Ambô,Principense,Angolar,Guinea Bissau,Casamancese,Papiamento,Palenquero,Cavite Chabacano,Ternate Chabacano,Zamboanga Chabacano,Karipuna,Louisiana,Guianese,Haitian,Mauritian,Guadeloupean,Martinican,Saint Lucian,Réunionese,Seychellois
all,tud,tud,tud,tudu,tudə,tudu,tudu,tudu,tudu,tud,tudu,tudu,tudu,tudu,tudu,tudu,tudu,tudu,tudu,tuɾ,too,todu,todu,todu,tut,tu,tut,tu,tu,tut,tut,tut,tu,tu
and,ani,ku,ku,kum,kum,ku,e,dan,ku,i,i,ku,ku,i,a,i,ki,ɛ,i,i,i,i,i,i,ke,e,ke,e,ek,ɛk,ɛk,avɛk,,e
animal,animal,animal,animal,animaal,animal,animal,bitʃu,animal,bitʃu,bitʃ,ɐnimal,limaɾjɐ,limaɾjɐ,bisu,limaja,nimalɪ,biθu,limaɾia,limariɟa,animal,anima,animal,animal,animal,bɛt,betaj,bɛt,bɛt,zanimo,bɛt,bet,zãnimo,,zãnimo
ashes,sints,sĩz,sĩz,siinza,sinzə,sinza,,sindʒa,sĩsɐ,sĩz,sĩzɐ,sĩza,sĩza,ʃĩdʒa,ʃĩzɐ,ʃize,xĩdʒa,sĩsa,sĩsa,ʃiniʃa,sinisa,sinisa,sinisa,sinisa,san,lasãn,san,sã,lasan,sãn,sãn,sãn,sã,lasã
at,nə,nə,pɛɾtdə,ntu,,na,na,,nɐ,nɐ,nɐ,nɐ,nɐ,ni,ɛ̃,na,ni,,,na,en,na,na,na,la,a,la,a,a,a,pakote,a,,kot
back,kɔs,kɔs,kɔs,kɔɔsta,kɔstə,kosta,kosta,kosta,kɔstɐ,kɔʃtɐ,kɔʃtɐ,kostɐ,kostɐ,tlaʃi,lɔ̃ba,taːʃi,nθusi,kosta,kosta,lomba,lomo,ispalda,tɾas,atɾas,do,lanvɛɾ,do,dɔ,ledo,do,do,do,,ledo
bad,maw,maw,mal,maal,mizəɾal,mal,maw,mal,mɔw,mal,maw,maw,maw,ma,maw,rwĩ,buuku,maw,fedi,malu,malo,malu,malu,mal,mal,move,mal,move,move,move,move,move,,movɛ
bark,albsukas,kas,kask,paaʈa,ælvəɾisəpæli,kaska,,kaski,kaskɐ,kaʃkɐ,ʀom,ɾamu,kaskɐdipo,kaʃika,xɔxa,ukpaka,kaʃka,kaʃkɐ,,kaska,,,,,lapo,lekɔrʃ,lapo,ekɔs,lekoɣs,lapopjebwa,lapopjebwa,lapo,po,lekɔɔs
because,kaɾən,puɾke,pəɾke,kiipasee,swidə,kawzu,pɾamoɾdi,akabida,pɐmɔdi,pke,puɾke,pɐmɔdi,pɐmɔdi,pluke,pɔke,poke,kõtuma,pɐbiɐ,pabiɟa,komo,pokke,puɾkasa,kasi,kaj,pase,paɾske,paske,paskɛ,akoz,padavɣe,pas,pas,pask,akoz
belly,bʰaɾig,baɾig,baɾig,baɾiija,baʀigə,bariga,bariga,baɾiga,bɐɾigɐ,beʀig,beʀigɐ,bɐɾigɐ,baɾigɐ,bɛgɐ,bɛga,bwɛgɐ,bɛgɐ,bariga,bariga,baɾika,baɾika,bariga,bahɾiga,bahɾiga,van,vãnt,vãt,vãt,vãt,budɛ̃,budɛ̃,budɛ̃,vãt,vãt
big,gɾan,gɾan,gɾan,gɾaandi,gɾandi,grandi,gɾa̜ndi,gɾandi,gɾɐ̃di,gɾãŋd,gɾãd,gɾãdi,gɾãdi,godo,ŋaandʒi,gani,ŋaj,gaɾandɪ,gaɾandi,gɾandi,ngande,gɾandi,gɾandi,gɾandi,gho,gɾã,gʁã,gɣã,gɣã,gɣã,gɣã,gwo,gʀo,gɣã
bird,pas,pasaɾiɲ,pasaɾiŋ,paastɾu,pastɾə,pastu,pastɾu,pastəɾ,pasu,pɔs,pɔs,pasu,pasu,bisudaza,paatu,pasu,situ,pastru,pastur,paɾa,pahaɾo,paharu,paharu,paharu,zozo,zwazo,zozo,zwezo,zozo,zwezo,zwezo,ʒibje,zwazo,zozo
bite,muɾde,muɾde,muɾde,muɾda,muɾdɛ,mudre,katʃi,moɾdi,moɾdi,moɾde,moɾde,moɾde,moɾde,mode,mũda,mode,mode,murdɪ,moɾde,moɾde,tʃikote,muldi,moɾde,muɻde,mɔde,mɔɾd,mode,mɔde,moɣde,mɔd,mode,mɔde,mɔɔde,mɔɔd
black,pɾet,pɾet,pɾet,pɾɛɛtu,pɾetə,pretu,pɾetu,pɾetu,pɾɛtu,pɾet,pɾet,pɾetu,pɾetu,plɛtu,pɛɛtu,pɛɛtu,pɛɛtu,pɾɛtu,pretu,pɾetu,pɾjeto,negɾu,pɾjetu,negɾu,nwɛ,nwaɾ,nwɛ,nwa,nwaɣ,nwɛ,nwɛ,nwɛ,nwaa,nwaa
blood,sajŋ,sajŋ,saŋ,saangi,sangi,saŋgi,sangui,saŋgi,sɐ̃gi,sẽŋg,sãg,sãgi,sãgi,sɐ̃gi,sɐ̃gi,sɐ̃gɪ,θɐ̃gɪ,sangui,,saŋəɾ,pola,saŋgɾi,saŋgɾi,saŋgɾi,dʒisã,sã,disã,sã,disã,sã,sã,sã,sã,ɟisã
blow,supɾa,supɾa,asupɾa,sufɾaa,supɾa,sufra,supɾa̹,supɾa,sɔpɾɐ,sopɾa,sopɾa,sopɾɐ,sopɾɐ,sɔpla,fofo,sɔpa,θɔpa,supra,supra,supla,bahja,,supla,supla,sufle,sufle,sufle,sufle,sufle,sufle,sufle,sufle,,sufle
bone,os,os,os,oosu,osə,osu,,osu,osu,os,os,osu,osu,ɔsɔ,ɔsɔ,ɔsu,ɔsɔ,ɔs,wos,wesu,gweso,wesu,wesu,wesu,zo,dezo,,zo,lezo,zo,zo,zo,zo,lezo
breast,pejt,pet,pet,peetu,petə,petu,,mama,petu,,,mamɐ,,petu,,pɛna,,pitu,pitu,petʃu,teta,petʃu,petʃu,petʃu,pothin,sɛ̃,potʁin,,tete,tete,tete,tete,tete,tete
breathe,suskaɾtuma,ɾeʃpɾa,,,,pusabafu,,,da folgu,,,,,,,,,rɨʃpiɾɐ,,ɾespiɾa,,ɾisulja,risulja,,,ɾɛspiɾe,,sufle,ɣespiɣe,ɣespiɣe,ɣespiɣe,wespiwe,,ɣespiɣe
burn,kima,kima,kima,kimaa,kima,kema,kima̹,kima,kemɐ,psi,kema,kemɐ,kemɐ,kɛma,kama,kɛma,kɛma,kɛmɐ,,kima,kema,kima,kema,kima,bule,bɾule,bule,bule,bɣile,bɣile,bɣile,bwile,bʀile,bɣile
child,kɾijãs,kɾijãs,kɾiãs,kɾijansa,kɾijansə,krensa,kjansa,filu,mininu,mnin,mnin,mininu,mininu,ɐ̃zu,ɐ̃nzu,ɐ̃zu,ɐ̃ðu,mininu,aɲɟu,mutʃa,mona,kɾatuɾa,kɾijatuɾa,anak,tʃimun,piti,piti,timun,zãfã,cimamaj,cimãmaj,mãmaj,zãfã,pici
cloud,ɖʰəg,nuʋ,nuʋ,nooʋis,mekham,nubis,,nuves,nɛbwɐ,neva,nuvẽ,nuvi,nubẽ,novi,novi,novi,mbɔsi,nuvẽ,nubis,nubia,nube,nubi,ulan,,nwaʒ,nuaʒ,nijaʒ,nwaʒ,ɲaz,nijaʒ,nijaʒ,nwaʒ,njaz,njaz
cold,fɾiw,fɾi,fɾi,fɾiiju,fɾiw,friw,fɾiw,fɾiw,fɾiw,fɾi,fɾiw,fɾiw,fɾiw,fjo,fiu,fjo,fio,fɾiw,fɾiw,fɾiw,fɾio,pɾiju,pɾiju,pɾiw,fwɛ,fɾe,fʁɛ,fwɛt,fɣe,fwɛt,fwɛt,fwɛt,fʀe,fɣe
come,ʋi,ʋi,ʋi,ʋii,ʋi,beŋ,veŋ,bi,bẽ,ben,bẽ,bẽ,bẽ,bi,bi,vika,bi,bĩŋ,beŋ,bini,mini,beni,bini,liga,vin,vini,vini,vin,vini,vini,vini,vini,vnii,vini
correct,dɾɛtuɾ,dɾet,dɾet,dɾetu,,retu,ʒustu,dɾetu,sɛɾtu,dɾet,dɾetu,dɾetu,dɾetu,sɛtu,,,,sɛɾtu,,koɾekto,,hustu,tupaw,hustu,ʒis,koɾɛk,ʒist,ɣezõ,ɣezõ,koɣɛk,koɣek,kɔwek,,koɣek
count,kota,konta,kõta,kontaa,konte,konta,konta̹,,kõtɐ,kõnta,kõta,kõta,kõta,kõta,xɔ̃ta,kõta,kɔ̃ta,kontɐ,konte,konta,ngwenda,kunta,konta,kunta,kõnt,kõte,kõnte,kõte,kõte,kɔ̃te,kɔ̃te,kɔ̃te,,kɔ̃te
cut,koɾta,koɾta,koɾta,koɾtaa,kɔɾta,korta,koɾta̜,ɾapa,koɾtɐ,koɾta,koɾta,koɾta,koɾta,kɔta,kuuta,kɔta,kɔta,kɔrtɐ,korta,kɔɾta,kotta,kulta,koɾta,kuɻta,kupe,kupe,kupe,kupe,kupe,kupe,kupe,kupe,,kupe
day,di,di,di,diija,dijə,dia,dja,dia,diɐ,diɐ,diɐ,dia,dia,dʒa,dʒja,dja,dja,diɐ,diɟa,dia,ɾia,dia,dija,dia,ʒu,ʒuɾ,ʒu,ʒu,lizuɣ,laʒunɛ̃,laʒunɛ̃,ʒu,zuuʀ,lizuu
die,mhuɾe,mata,muɾe,muɾa,muʀe,mure,more,moɾe,mɔɾi,mʀe,moʀe,moɾe,moɾe,mole,mole,mwe,mwe,murɪ,more,muɾi,moɾi,muɾi,muɾi,muɾi,muhi,muɾi,muʁi,muɣi,moɣ,mɔ,mɔ,mɔ,mɔɔ,mɔɔ
dig,kaʋa,kaʋa,fazebuɾak,kindee,gəʋətə,kore,,gabuɾta,kɔbɐ,kɐva,kava,koba,koba,kɔbɔ,gɔlɔ,kava,vina,kɔbɐ,koba,koba,kuba,aseukaj,asepala,,fuje,fuje,fuje,fuje,fuje,fuje,fuje,fuje,,fuje
dirty,sudʒ,sudʒ,sudʒ,sudʒo,sudʒi,suzu,suzu,sudʒu,ʃuʃu,ʃuʃ,ʃuʒ,suʒu,suʒu,suzu,sũzu,suzu,θuðu,susu,susu,suʃi,susjo,susju,susju,masusju,sal,sal,sal,sal,sal,sal,sal,sal,,sal
dog,kãw,kãw,kãw,katʃoɾu,katʃoɾ,katʃoru,katʃo̹ɾu,katʃoɾ,kɐtʃɔɾ,kotʃoɾ,kɐtʃɔʀ,katʃo,katʃoɾ,kaso,xasooloo,kaso,kaθo,kɐtʃoɾ,kacor,katʃo,pelo,peru,pehru,peʰru,ʃɛ̃,ʃjẽ,ʃjẽ,ʃẽ,lisjẽ,ʃjɛ̃,ʃjɛ̃,ʃjɛ̃,sjɛ̃,lisjɛ̃
drink,bebe,bebe,bebe,beʋa,bebe,bebe,bebe,bebi,bebi,bebe,bibe,bebe,bebe,bebe,bɛɛbɛɛ,bebe,bebe,bibidɐ,bebe,bebe,bebe,tuma,bebe,tuma,bwɛ,bwa,bwɛ,bwɛ,bwaɣ,bwɛ,bwɛ,bwɛ,bwaa,bwaa
dry,sek,sek,sek,sɛɛku,sækə,seku,seku,seku,sɛku,sɛk,sek,sɛku,seku,seku,seku,seku,θɛku,sɛku,seku,seku,,seku,seku,seku,sɛk,sɛk,sɛk,ʃɛʃ,sek,sɛk,sɛk,sɛk,sɛk,sek
dull,bʰoʈəl,buntu,,bɾɔm,agudənutɛ̃,,,,sɛgu,sɛg,sɛg,sɛgu,sɛgu,,,,,,,bɔt,,noagudo,pulpul,dumpul,hõ,bɾeʃe,,pafile,pakupbjẽ,,,pafile,,
dust,ɾʰen,pujẽɾ,,pɔ,baɾə,po,,po,pɔ,po,pɔ,pweɾɐ,pweɾɐ,ɔpɔ,ɔpɔ,ɔpɔ,ɔ̃pɔ,puɛɾɐ,,stɔf,,polbos,alikabok,polbus,lapusje,pud,lapusjɛ,pusiɛ,lapusjeɣ,pusjɛ,pusjɛ,lapusie,pud,lapusjɛɛ
ear,oʋid,oɾeʎ,uʋid,oɾeeja,uʋid,ubida,oɾeʎa,oɾela,oɾɛdʒɐ,oɾeɐ,oɾeɐ,oɾidʒɐ,oɾedʒɐ,ɔʎa,ɔlɛa,urja,ɔlja,oredʒɐ,woreɟa,oɾea,oleha,uɾehas,uɾehas,uɾehas,zohɛ,zɔɾɛj,zɔʁɛj,zoɣɛj,zoɣej,zoɣɛj,zoɣɛj,zɔwɛj,zɔʀɛj,zoɣej
earth,tɛɾ,tɛɾ,tɛɾ,tɛɛɾa,baɾə,tera,tɛra,baɾ,tɛɾɐ,tɛʀɐ,tɛʀɐ,tɛɾɐ,tɛɾɐ,tɛlɐ,tɛla,tɛ,tʃja,tʃõ,coŋ,teɾa,tjela,tjera,tjehra,tjeʰra,latɛ,tɛɾ,tɛʁ,latɛ,lateɣ,latɛ,latɛ,latɛ,tɛɛ,latɛɛ
eat,kume,kume,kume,kuma,kumɛ,kumi,kome,komi,kume,kme,kme,kume,kume,kumɛ,kumi,kumɛ,mɛ,kumɛ,kume,kome,kume,kumi,kume,kume,mãʒe,mãʒe,mãʒe,mãʒe,mãze,mãʒe,mãʒe,mãʒe,mãze,mãze
egg,ob,oʋ,oʋ,ooʋ,oʋə,obu,ovu,obu,ɔbu,ov,ov,obu,obu,ɔvu,ɔvu,ɔvu,ɔvu,ovu,wobu,webu,gwebo,webus,webu,webus,dʒize,dezɛf,dize,ze,dizef,ze,ze,ze,zef,ɟizef
eye,ol,oʎ,ojl,ooj,oj,olu,o̹lu,olo,odʒu,oj,oj,odʒu,odʒu,we,we,we,we,udʒu,wuɟu,wowo,oho,ohus,ohus,ohus,wej,zje,wej,ʒe,lizie,zje,zje,zje,zje,lizje
fall,kai,kai,kai,kaj,kaj,kaj,kaj,kaj,kɐi,kej,kei,kai,kai,kje,kae,kje,kje,kaj,kaɟ,kaj,kai,kaj,kaji,kaj,tɔ̃be,tõbe,tõbe,tõbe,tõbe,tɔ̃be,tɔ̃be,tɔ̃be,tõbe,tɔ̃m
far,lɔ̃j,lõj,lõj,lɔɔndʒi,lɔndʒi,lonzi,,londʒi,lõʒi,lõŋʒ,lõʒ,lõʒi,lõʒi,lõdʒi,lõdʒi,lõʒi,lõdʒi,loɲu,loŋɟi,lew,leho,lehus,lehus,lehus,lweŋ,lwẽ,lwẽ,lwẽ,lwẽ,lwɛ̃,lwɛ̃,lwɛ̃,lwɛ̃,lwɛ̃
fat,,goɾduɾ,,guɾduɾa,,godura,goɾdura,goɾdu,guɾduɾɐ,guɾduɾɐ,guɾduɾɐ,goɾduɾɐ,guɾduɾɐ,godo,gɔdula,gudurɐ,godulɐ,guɾduɾɐ,baɲ,sebu,,gɾasa,gɾasa,guɻduɾa,ghɛs,gɾa,ɡʁɛs,ɡɣɛs,lagɣes,gɣa,gɣa,gwɛs,gʀɛs,lagɣes
father,paj,paj,paj,paaj,paj,paj,paj,paj,pɐj,pɛ,paj,paj,paj,papa,papa,papa,tata,pape,papɛ,tata,tata,tata,tata,tata,papa,papa,papa,papa,papa,papa,papa,papa,papa,papa
fear,med,med,,mejdo,,midu,tɛfitɛfi,,medu,mɛd,med,medɐ,medu,mɛ̃du,mɛ̃du,mɛ̃du,mɛ̃du,medu,,tinmiedu,,,asemjedu,,pɛ,pɛɾ,pɛ,pɛ,peɣ,pɛ,pɛ,kwɛ̃t,,pɛɛ
feather,pɛn,pɛn,pɛn,pɛɛna,pænə,pena,pena,kabelupastəɾ,pɛna,pena,penɐ,pɛnɐ,penɐ,pɛnɐ,pɛna,penɐ,penɐ,,,pluma,,pluma,,pluma,plim,plumã,plim,plim,plim,plim,plim,plim,plim,laplim
few,pok,pok,pok,poku,pok,mpoku,,,poku,pok,pok,poku,poku,,,,,poku,mbokadu,poko,poko,poku,poku,poku,tʃimoso,pɛ,timoso,kɛk,pabuku,cibwɛ̃,cibɣɛ̃,pe,ɛ̃pe,pe
fight,luta,luta,,bɾiija,pildʒe,briga,piliza̹,baklaj,bɾigɐ,luta,bɾiga,bɾiga,bɾiga,luta,pɛza,luta,vugu,lutɐ,geɾiɟa,bɾiŋa,pelia,pilja,pelja,piʎa,bhiga,bat,lite,gumẽ,lageɣ,gumɛ̃,gumɛ̃,bat,,bataje
fingernail,,,,uɲa,,uɲa,,uɲa,uɲɐ,,uɲɐ,,,iɲɛ,uɲa,umuɲɐ,iɲɛ,uɲɐ,ɲuɲa,huɲa,,unjas,kunja,,zɔŋ,zõŋg,zɔŋ,,zoŋ,zoŋ,zoŋ,gwif,,gɣif
fire,fog,fog,fog,fooʋ,fogə,fogu,fogu,fogu,fogu,lum,lum,lumi,lumi,fogo,fugã,ufogu,fogo,fugu,fugu,kandela,fogo,pwegu,pwegu,pwegu,dʒife,dife,fe,dife,dife,ɟife,ɟife,dife,fe,ɟife
fish,peʃ,peʃ,peʃ,peesi,peʃi,pesi,pese,,peʃi,peʃ,peʃ,peʃi,peʃi,piʃi,piʃi,peʃi,kikie,pis,pis,piska,pekkaw,peskaw,peskaw,piskaw,pwasõ,pwasõ,posõ,pwesõ,posõ,pwasɔ̃,pwesɔ̃,pwesõ,pwasɔ̃,pwasɔ̃
five,sink,sink,sĩk,siinku,sinkə,siŋku,sinku,siŋku,sĩku,sĩŋk,sĩk,sĩku,sĩku,ʃĩku,ʃĩku,ʃĩku,tano,sĩku,siɲku,sinku,siŋko,siŋku,siŋku,siŋku,sɛ̃ŋk,sẽk,sẽk,sẽk,sẽk,sɛ̃k,sɛ̃k,sɛ̃k,,sɛ̃k
float,taɾtahika,nada,,nada,"
agsuɾibətəʋaj",boja,,,boja,boja,boja,boja,boja,bɔja,bɔja,bɔja,bɔja,,boɟa,dɾif,,,lutaŋ,,flote,flote,flote,flote,flote,flote,flote,flote,,flote
flow,wahunanda,ʋaza,ʋaza,,,kure,,,koɾe,kɾe,koʀe,koɾe,koɾe,koleselele,,,,daɾmɐ,,koɾe,,,,,,kule,kule,kule,kule,kule,kule,kule,kule,kule
flower,ful,floɾ,floɾ,fuula,fula,floris,fula,fula,flɔɾ,floɾ,floɾ,floɾ,floɾ,flɔli,fɔɔl,ufɔli,fɔli,flur,flor,floɾ,flo,ploɾes,ploɾ,ploɾis,butʃe,flɛ,flɛʁ,flɛ,fleɣ,flɛ,flɛ,flɛ,,flɛɛ
fly(v.),awga,agwa,uʋa,awgaa,agwə,abwa,agua̹,aboa,buɐ,vwɐ,vwɐ,bwɐ,bwa,vwa,vwa,vwa,pupuka,boa,buwa,bula,,bula,bula,bula,vole,vole,,vole,ãvole,vole,vole,vole,vole,vole
fog,fumas,oɾvaʎ,uʋa,uɾuʋajja,fog,,,,nɛgwɐ,nevweɾ,nevweɾ,nɛbɐ,nɛbɐ,neblina,,lubina,,sɨɾen,,nebli,,,,,lafime,bɾujaɾ,,bɣuja,bɣujaɣ,bwuja,bwuja,vape,,bɣujaa
foot,pe,pe,pe,pee,pɛ,pew,pe,pew,pɛ,pe,pe,pe,pe,ɔpɛ,ɔpɛ,ɔpɛ,ɔpɛ,pɛ,pe,pija,pje,pjes,pjes,pjes,pje,pje,pje,pje,lipie,pie,pje,pje,pje,lipje
forest,,,,matu,,matu,,matu,matu,mot,,,,obo,ogo,matu,obo,matu,matu,matu,monde,,bondok,monti,dãmbwa,bwa,,,lafoɣe,gɣãbwa,gɣãbwa,lafowe,foʀe,foɣe
four,kwat,kɔt,kwɔt,katɾu,katɾə,kwatu,katɾu,kəteɾ,kwatu,kwat,kwat,kwatu,kwatu,kwatlu,xatulu,kwatu,kwanɐ,kwɐtɾu,kwatur,kwateɾ,kwatɾo,kwatɾu,kwatɾu,,kat,kat,kat,kat,kat,kat,kat,kat,kat,kat
freeze,bəɾəfhika,fikadʒel,fikadʒel,,fɾiːz,,,,ʒelɐ,ʒela,ʒela,ʒelɐ,ʒela,,,,,,,fɾis,,ela,,,kõʒele,fɾedi,kõʒle,ʒele,kõzele,glase,glase,glasi,,
fruit,fɾujt,fɾut,fuɾt,fɾʋiita,fɾutɛ,fruta,fɾuta,fɾuta,fɾutɐ,fɾutɐ,fɾutɐ,fɾuta,fɾuta,fluta,fulutu,futa,,fɾutɐ,fruta,fɾuta,fɾuta,pɾuta,pɾutas,pɾuta,fwi,fɾi,fʁi,fwi,fɣi,fwi,fwi,fwi,vaʀãg,fɣi
full,itʃid,intʃid,ʃej,intʃidu,intʃid,tʃew,intʃidu,intʃi,tʃew,tʃew,tʃew,ʃeju,tʃew,ʃa,ʃia,ʃadu,sia,ĩtʃɨ,ɟiɲci,jen,ɲiɾilo,ljenu,jenu,jenu,plɛ̃,plẽ,plẽ,,plẽ,plɛ̃,plɛ̃,plɛ̃,plɛ̃,plɛ̃
give,da,da,da,daa,da,da,da̹,da,dɐ,da,da,dɐ,da,da,da,da,da,da,da,duna,nda,dali,dali,dali,baj,dõne,ba,ba,done,ba,ba,baj,done,done
good,,bõ,bõ,boom,bɔ̃,boŋ,boŋ,boŋ,bõ,bõ,bõ,bõ,bõ,bõ,bɔ̃,bõ,bo,bõŋ,bõ,bõ,bjen,bwenu,bwenu,bwenu,bɔ̃,bõ,bõ,bõ,bon,bɔ̃,bɔ̃,bɔ̃,bɔ̃,bɔ̃
grass,pal,paʎ,ɛɾʋ,ɛɛɾʋa,gɾasə,ɛbra,,eɾba,padʒɐ,mɔt,eɾvɐ,eɾvɐ,eɾvɐ,alibɐ,alba,aribɐ,iku,paʎɐ,paɟa,jeɾba,,sakati,sakati,sakati,hadʒe,lɛɾb,ʁadʒe,zɛb,leɣb,zɛb,zeb,zɛb,,lɛɛb
green,ʋɛɾd,ʋɛɾd,ʋeɾd,ʋeeɾdi,ʋɛɾdi,bedri,veɾde,beɾdi,beɾdi,veɾd,veɾd,beɾdi,veɾdi,vede,veedʒi,vede,vedi,veɾdɪ,berdu,bɛɾdɛ,bitʃe,beɾdi,beɾdi,beɻdi,vjat,vɛɾ,vɛʁ,vɛt,veɣ,vɛ,vɛ,vɛt,vɛɛ,vɛɛ
guts,tɾĩp,tɾip,tɾip,tɾipa,tɾipə,,tɾipa,tɾipa,tɾipɐ,tɾipɐ,tɾipɐ,tɾipɐ,tɾipɐ,tlipa,tʃiipa,tʃipa,malɐ,tɾipɐ,,tɾipa,tɾipa,tripa,,tɾipa,thip,letɾip,tʁip,tɣip,tɣip,zãtɣaj,zãtɣaj,bojo,tʀip,zɛ̃testɛ̃
hair,kabel,kabil,kabel,kabeel,kabeli,kabelu,kabelu,kabelu,kɐbelu,kebel,kɐbel,kɐbel,kabelu,kabelu,xabɛlu,kabɛlu,kabelu,kabelʊ,kabelu,kabej,kabew,pelu,pelu,pelu,ʃive,ʃve,ʃive,ʃive,seve,ʃive,ʃive,ʃive,seve,seve
hand,mãw,mãw,mãw,mam,mɔ̃,maŋ,ma̜ŋ,maw,mo,mõ,mõ,mõ,mõ,mõ,omã,umã,mo,mõ,moŋ,mã,mano,manu,manu,manu,lame,lamẽ,lamẽ,mẽ,lamẽ,lãmɛ̃,lãmɛ̃,lãmɛ̃,mɛ̃,lamɛ̃
he,el,il,el,eli,eli,eli,ele,eli,e,el,el,e,e,ele,eli,eli,ele,ɛɫ,ɟel,e,e,eli,eli,eli,li,li,i,li,li,i,i,li,li,i
head,kabes,kabes,kabes,kaʋasa,kabesə,kabesa,kabesa,kabesa,kɐbɛsɐ,kebɛsa,kɐbɛsɐ,kɐbɛsɐ,kabɛsa,kabesɐ,xabɛsa,kabɛsɛ,nte,kabesɐ,kabisa,kabes,kabesa,kabesa,kabesa,kabesa,tɛt,latɛt,tɛt,tɛt,latet,tɛt,tɛt,tɛt,latɛt,latet
hear,oʋi,uʋi,uʋi,oʋii,oi,ubi,uvi,obi,obi,uvi,uvi,obi,ubi,tẽde,tẽde,tẽde,ẽde,obi,sukta,tende,kutʃa,oi,uwi,oi,tãnde,ekute,tãde,tãde,tãde,tãn,tãn,tãn,ãtã,tã
heart,koɾsãw,kuɾəsãw,kuɾəsãw,koɾsam,koɾso,korsaŋ,korasa̜ŋ,koɾasaŋ,koɾɐsõ,kɾosõ,koɾasõ,kuɾɐsɐ̃,koɾasõ,klɔsɔ̃,kuusã,kosã,kɔθɔ,kuɾɐsõ,kɔɾsɔŋ,kuɾasõ,kolaso,kurason,kurason,kurason,tʃɔ,kɛɾ,tʃɔ,kɛ,lekeɣ,cɛ,cɛ,tʃɛ,kɛɛ,lekɛɛ
heavy,pedzad,pezad,pezad,pezaadu,pezad,pezadu,,fedʒidu,pisadu,pezɔd,pezɔd,pizadu,pizadu,,pizadu,kwadu,,pizadu,pisadu,pisa,,pisaw,pisaw,piskaw,pezã,luɾ,lu,lu,luɣ,lu,lu,lu,,luu
here,aki,aqui,aki,akii,ɛki,naki,aki,aki,li,ej,li,li,li,nai,jaj,ka,,li,li,aki,aki,aki,aki,aki,isila,isit,isi,isit,isi,isi,isia,isi,isi,isi
hit,dal,bate,bate,daai,,dali,ziŋgwa̹,fajtoka,kõku,kũŋki,dɐ,bate,bate,bate,bate,bate,bate,sutɐ,suta,bati,goppea,gulpja,gulpja,piga,bat,fɾape,bat,fɣape,bate,baku,baku,fwape,don,fɣape
hold,tuma,tuma,tuma,toma,tama,sigura,pega̹,,suguɾɐ,pɲa,sgeɾa,pɐɲa,pega,pala,sugula,segwa,θegwa,suguɾa,,tene,pega,gara,tjeni,agara,tʃẽmbe,tʃẽ,tjen,kẽbe,tini,cɛ̃be,cɛ̃be,tʃɛ̃be,tjɛ̃bo,tenii
horn,ʃiŋ,dãntʃ,tʃif,koɾnu,,,,koɾnu,koɾnu,tʃif,ʃifɾ,koɾu,,kɔnɛta,xõ,ʃifi,kɔkɔ,tʃifɾi,cifur,katʃu,katʃo,kweɾnu,kweɾnu,tuɾutut,kɔn,kɔɾn,,,,kɔ̃n,kɔ̃n,kɔn,kɔɔn,kɔɔn
how,kilɛ,kilaj,kom,kilaj,kɛlɛj,kaj,komu,kan,mɔdi,kmenɛrɐ,mɐnɛɾɐ,simɐ,mɔdɐki,kumɐ,koma,kumɐ,kumɐ,kuma,kuma,kon,kumo,kilaja,kamo,pakimodu,kumã,komã,kumã,kõmã,kumã,kumã,kimãnjɛ,kumã,komã,kɔ̃mã
hunt,kasadbiɾka,vajkasad,,kasaɾia,,baiponta,,,kasɐ,kɐsa,kasa,kasa,kasa,kasa,xasa,kasa,kaθa,montia,,jag,,buska,saka,pahaɾea,alelaʃas,ʃase,ʃase,ʃase,lasas,ʃase,ʃase,alelaʃas,,sase
husband,maɾid,maɾid,ɔm,maɾiidu,maɾidə,maridu,maɾidu,maɾidu,mɐɾidu,meɾid,meɾid,maɾidu,maɾidu,malidu,mɛɛdu,maadu,ɔmɛ,spozu,womi,esposo,mailo,maɾidu,maɾidu,maɾidu,ɔm,maɾi,maʁi,maɣi,maɣi,mawi,nɔ̃mmaje,mawi,maʀi,maɣi
I,jo,jo,jo,eeʋ,jo,jo,yow,jo,m,mĩ,ũ,mi,n,ami,amu,ami,ami,ami,mi,mi,i,jo,jo,jo,mo,mo,mo,mwẽ,mwa,mwɛ̃,mwɛ̃,mwɛ̃,mwɛ̃,mo
ice,bəɾəf,dʒel,dʒel,ajs,ajs,,,agupedɾa,ʒɛlu,ʒel,ʒel,ʒelu,ʒelu,ʒelu,,,,ʒelu,,ejs,,jelu,jelu,,laglas,laglas,glas,glas,laglas,glas,glas,laglas,,glasɔ̃
if,ʃi,si,si,see,sə,kantu,si,kalu,si,se,se,si,si,ʃi,si,ʃi,si,si,si,si,si,si,si,si,si,si,si,si,si,si,si,si,si,si
in,supɛɾt,də,ʒũtdə,ntu,,na,na,dentəɾ,nɐ,nɐ,dẽt,na,na,n,ni,na,ni,nɐ,,den,lendɾo,na,na,na,ãndã,dã,ã,nã,dã,ã,ã,ã,dã,dã
kill,mata,mata,mata,mataa,matæ,mata,,mata,matɐ,mata,mɐta,mɐtɐ,mata,mata,mata,mata,mata,matɐ,mata,mata,mata,mata,mata,mata,tʃue,tʃwe,tʃwe,tuje,tuje,cwe,cwe,ʧuje,tje,tuje
knee,dʰopa,indʒwel,dʒwej,indʒuʋej,,nzelu,,indʒabel,dwedʒu,,,dwedʒu,,zũta,ozojo,oze,mpuna,dʒudʒʊ,,ɾudija,luɾia,rudiljas,rudiljas,rudiʎas,ʒunu,ʒnu,ʒunu,,zenu,ʒunu,ʒunu,ʒunu,zonu,zenu
know,sabe,sabe,sabe,saʋa,sabɛ,sabe,sabe,kaŋse,sɐbi,sɛb,sɐbe,sɐbe,sabe,se,xonose,sebe,eta,sibi,sebe,sabi,sabe,sabi,sabi,sabi,save,kõne,save,kõnẽ,kone,sav,sav,sav,kone,kone
lake,təla,tajnk,tãk,tanki,,,,lugaɾagu,lɐgwɐ,lɐgoɐ,pɔsɐ,lɐgoɐ,lɐgoɐ,oljo,,lagu,,lagu,,lago,,lagu,lawa,,lag,lak,lak,etã,ɣezeɣvwaɣ,lak,lak,lak,,lak
laugh,ɾʰi,ɾi,ɾi,ɾii,ɾihɛ,ri,ɾi,ɾi,ɾi,eʀi,eʀi,aɾi,aɾi,li,li,rĩ,di,ɲiɲi,,aɾi,ɾi,ri,reji,rei,ahi,ɾi,aʁi,ɣi,ɣiɣ,ɣi,ɣi,wi,ʀi,ɣiɣe
leaf,fol,fol,foj,fɔɔja,fɔʎə,fola,fɔlja,fola,fodʒa,fɔʎa,fɔʎa,fɔdʒa,fɔdʒa,fja,fol,fja,fja,foʎɐ,paɟa,foja,,ohas,ohas,ohas,fej,fej,fej,fɛj,fej,fej,fej,fej,fej,fej
left,dawɾibadzu,iʃkeɾd,ladiskeɾd,majskaɾda,left,skerdu,,,skɛɾdɐ,ʃkeɾdɐ,ʃkeɾdɐ,skɛɾdɐ,skɛɾdɐ,ʃkɛdu,skɛɛdʒi,kjɛdɛ,sikɛdu,ʃkeɾdɐ,sikerdu,ɾobes,ikjedda,iskjeɾda,kaliwa,iskjeɻda,gɔʃ,goʃ,ɡoʃ,gɔʃ,gos,goʃ,goʃ,gɔʃ,,gos
leg,pe,pe,pɛ,pee,pɛ,perna,peɾna,pew,pɛ,pɛɾna,pɛɾnɐ,pɛ,pɛɾnɐ,ɔpɛ,pɛːna,pɛna,ope,perna,pe,pia,pjenna,pjeɾna,pjeɾna,pjeɻna,ʒam,ʒãm,ʒãm,ʒãm,lazam,ʒãm,ʒãm,ʒãm,,lazãm
lie,koɾppiʃad,diskənsa,diskənsa,detaa,dɛtɛ,deta,lagaɾtia̹,,detɐ,deta,deta,detɐ,deta,dɛta,,,,ditɐ,dita,lɛx,ɲiŋgota,,kusta,ligid,kuʃe,kuʃe,kuʃe,kuʃe,alõze,lɔ̃ʒe,lɔ̃ʒe,kuʃe,kuse,alɔ̃ze
live,ʋibhika,vive,vive,ʋiʋe,,bibe,vivu,vivi,bibi,vive,vive,vive,vive,vive,ta,veve,ta,vivɪ,,biba,bibi,bibi,bibi,bibi,hete,viv,viv,viv,viv,viv,viv,viv,,ɣeste
liver,fig,fig,fig,fiʋdu,liveɾ,fildu,,koɾsaŋ,figu,fig,fig,figu,figɐdu,figadu,fugudu,figadu,figadu,figɐdu,,higɾa,igaɾo,igadu,ataj,igadu,fwa,fwa,fwa,fwa,lefwa,fwa,fwa,fwa,fwa,lefwa
long,kopɾid,kumpɾid,kõpɾid,kumpɾiidu,kumpɾidə,kumpridu,kumpɾidu,kumpɾidu,kũpɾidu,kũŋpɾid,kũpɾid,kũpɾidu,kũpɾidu,lõgo,loŋgo,lõgo,lõgo,kumpridʊ,kumpridu,laɾgu,lago,laɾgu,laɾgu,laɻgu,lɔ̃,lõ,loŋ,lõ,loŋ,loŋ,lɔ̃,lɔ̃ŋ,lɔ̃g,lɔ̃
louse,pijol,pjoʎ,piol,pijooj,pioji,pjolu,,piolu,pjodʒu,pjoj,pjoj,pjodʒu,pjodʒu,idu,idu,idu,idu,kɐɾɐ̃gɐ,,pjew,,piohu,pjohu,,pu,pu,pu,pu,lipu,pu,pu,pu,pu,lipu
man(adultmale),ɔm,ɔm,ɔm,ɔɔmi,ɔmi,omi,ome,omi,ɔmi,om,ɔm,ɔmi,ɔmi,ɔmɛ,ɔmɛ,ɔmi,ɔmɛ,omɪ,womi,hɔmbeɾ,ombe,ombɾi,ombɾi,ombɾi,ɔm,œ̃nɔm,wõm,nɔm,zom,nɔ̃m,nɔ̃m,nɔ̃m,zom,zom
man(humanbeing),,,,pesoaa,,kletura,,dʒentiomi,ɐlgẽ,psoɐ,psoɐ,ɐɾgẽ,,kliʃtõ,ŋe,nĩge,nĩŋe,pɛkadoɾ,,hende,hende,henti,henti,piɻsona,mun,mun,,,dimun,mun,mun,mun,mun,ɟimun
many,mɔt,mwit,mujt,mujtu,,tantu,mutu,tantu,tʃew,mut,tʃew,tʃew,tʃew,maʃimõtʃi,mɔ̃tʃi,mõtʃi,motʃi,tʃiw,ciw,maʃa,mutʃo,mutʃu,mutʃu,mutʃu,boku,boku,boku,ãpil,buku,ãpil,ãpil,bɔku,boku,boku
meat,kʰaɾm,kaɾn,kaɾ,kaaɾni,kaɾni,kandri,kaɾne,kaɾni,kaɾni,keɾ,kaɾ,kaɾni,kaɾni,kani,xaani,ukani,kani,karni,karna,kaɾni,kanne,kaɾni,kaɾni,kaɻni,laʃe,vjãn,vjãn,vjãn,lavjã,vjãn,vjãn,vjãn,vjã,lavjã
moon,,lu,lu,luma,luʋə,luŋa,lua,luŋaɾ,lwɐ,,,,,nwa,nwa,unwa,mbezi,luŋa,luŋa,luna,luna,luna,luna,luna,lalin,lalin,lalin,,lalin,lalin,lalin,lalin,lin,lalin
mother,maj,maj,mãj,maj,maj,maj,mɐj,maj,mɐj,mẽ,mɐ̃j,ma,maj,mama,majn,mwĩ,mama,mamɛ,mamɛ,mama,magɾe,madɾi,madɾi,nana,mãmã,momã,mãmã,mãmã,mama,mãmã,mãmã,mãmã,mãmã,mãmã
mountain,sɛrgran,montaɲ,,montaɲa,montaɲə,montaɲa,,monti,mũti,mõnt,mõt,mũti,mõti,oke,iki,okje,lõde,mõtaɲɐ,,seɾu,montaɲa,monti,monti,monti,mõtãj,mõtãɲ,mõtãɲ,mɔn,mõtãj,mɔ̃taj,mɔ̃taj,mɔ̃tãj,mɔ̃tã,mɔ̃tã
mouth,bok,bok,bok,booka,bɔkə,boka,bɔka,boka,bɔkɐ,bɔka,bɔka,bɔka,bɔka,bɔkɐ,boxa,ubukɐ,bokɐ,bokɐ,boka,boka,boka,boka,boka,boka,buʃ,buʃ,buʃ,buʃ,labus,ɟol,buʃ,buʃ,bus,labus
name,nom,nom,nom,nɔɔmi,nɔmi,nomi,nome,nomi,nɔmi,nom,nɔm,nɔmi,nɔmi,nɔmi,namu,nɔmi,nɔmi,nɔmi,nomi,nɔmbəɾ,,nombɾi,nombɾi,nombɾi,nõ,nõ,nõ,nõ,nõ,nɔ̃,nɔ̃,nɔ̃,nɔ̃,nɔ̃
narrow,tʃũntʃ,estɾet,,istɾeetu,idungija,gapidu,finu,apeɾtadu,peɾtadu,ʃtɾet,ʃtɾet,stɾetu,stɾetu,fĩfi,,tʃɛkɛtʃɛkɛ,,,,smal,aŋgoto,istɾetʃu,istɾetʃu,,sehe,etɾwa,etʁɛt,etwat,seɣe,etwɛt,etwet,etwet,,etɣwat
near,pɛɾt,pɛɾt,pɛɾt,pɛɛɾtu,pɛɾtə,pertu,peɾtu,peɾtu,pɛɾtu,peɾt,pɛɾt,peɾtu,peɾtu,pɛtu,pɛɛtu,pɛtu,pɛtu,pɛɾtu,pertu,seɾka,sekka,seɾka,seɾka,seɻka,phɔʃ,kote,oʁa,pɣe,pɣe,tupɣe,tupɣe,pwe,pjɔɔs,pɣe
neck,biskos,gaɾgãt,,piskoos,piskos,garganta,,piskosu,piskɔs,peskos,peskos,piskos,piskos,klɔ̃klɔ,gotʃi,koto,sĩgo,gɐrgɐ̃tɨ,,nɛk,pekweso,peskwesu,kwelju,peskwesu,gɔʒ,ku,goʁʒ,ku,liku,ku,ku,ku,ku,liku
new,nob,noʋ,noʋ,nooʋ,nɔʋə,nubu,novu,nobu,nɔbu,nov,nov,nɔbu,nobu,nɔvu,nɔvu,nɔvu,nɔvu,nobu,nobu,nobo,nwebo,nwebu,nwebu,nwebu,nɔv,nuvo,nɔv,nuvo,nuvo,nuvo,dɛnje,"nɛf,nivo",nev,nef
night,anot,anot,nojt,anooti,nojti,anuti,ano̹te,anoti,noti,not,dnot,noti,noti,notʃi,notʃi,unotʃi,noti,nojtɨ,noti,notʃi,notʃe,notʃi,notʃi,notʃi,nwit,nwit,lanwi,nwit,lanwi,lãnuit,lãnwit,lãnɥit,nwit,lanwit
nose,naɾis,naɾis,naɾis,naaɾis,naɾis,naris,naɾiz,naɾis,nɐɾis,neɾis,neɾiʃ,nɐɾis,naɾis,liʃi,liʃi,iriʃɪ,lisɪ,naris,naris,naniʃi,naɾise,naɾis,naɾis,naɾis,ne,ne,nẽ,ne,nene,nɛ̃,nɛ̃,ne,ne,nɛ̃nɛ̃
not,nu,nun,nã,na,na,ŋka,noŋ,na,kɐ,n,kɐ,kɐ,kɐ,inɔ,koma,kumɐ,wa,naw,naw,no,nu,no,no,no,nõ,pa,nõ,pa,pa,pa,pa,pa,pa,pa
old,ʋɛl,ʋɛʎ,ʋɛj,ʋɛɛj,ʋæli,belu,velu,belu,bedʒu,vej,bedʒ,bɛdʒu,bɛdʒu,vɛ,vɛ,vɛ,vɛ,bedʒʊ,beɟu,biew,bjeho,bjehu,bjehu,bjehu,vje,vje,vje,vje,vie,vie,vje,vie,vje,vje
one,ũ,ũ,ũ,uŋa,uŋa,ŋwa,uŋa,uŋ,ũ,ũ,ũ,ũ,ũ,ũa,ũ,ũa,ũa,ũ,unsoɲ,ũ,un,unu,una,un,wun,ẽn,un,jun,ẽ,jɔ̃n,jɔ̃n,jõn,ɛ̃,ɛ̃
other,majzũ,ot,ot,ootɾu,otɾə,ɔːtu,otɾuŋa,otəɾ,otu,ot,ot,otu,otu,otlo,utulu,otu,oto,otɾu,wutur,otɾo,uto,otɾu,otɾu,otɾu,wɔt,dɔt,wot,zɔt,lot,lot,lot,lɔt,dot,lot
play,biɾka,bɾinka,bɾĩka,bɾinka,bɾinkə,briŋka,brinka̜,bɾiŋka,dʒugɐ,ʒga,bɾĩka,dʒuga,ʒuga,flɔga,fuuga,fɔga,fɔga,tɔkɐ,bɾiŋka,uŋa,hugwa,huga,huga,huga,ʒue,ʒwe,ʒwe,ʒwe,zwe,ʒwe,ʒwe,ʒwe,zwe,zwe
pull,puʃa,puʃa,,pusaa,pwisɛ,pusa,ela̹,pusa,puʃɐ,pʃa,pʃa,puʃa,puʃa,saja,sɛa,saa,sie,dʒũndɐ,ɟunda,ala,tila,ila,tiɾa,ala,hale,hale,tiʁe,tiɣe,tiɣe,ɣale,ɣale,tiwe,ʀale,ciɣe
push,loʈu,empuʀa,atəɾa,taɭɭi,puʃɛ,tola,,,pĩtʃɐ,ĩŋpuʀa,ĩpuʀa,pĩtʃa,pĩtʃa,pĩsa,piza,pĩsa,pĩθa,pĩtʃɐ,piɲca,puʃa,lempuha,impuha,tula,puha,puse,puse,puse,puse,puse,buɣe,buɣe,puse,puus,puse
rain,tʃu,tʃu,tʃuʋ,tʃuuʋa,tʃuʋə,tʃwa,tʃuva,tʃua,tʃubɐ,tʃuvɐ,tʃuvɐ,tʃubɐ,tʃobe,subɐ,ʃuva,usuvɐ,θubɐ,tʃubɐ,coba,awaseɾu,jubja,agwaseɾu,agwaseɾu,ulan,lapli,lapli,lapli,pli,lapli,lapli,lapli,lapli,lapli,lapli
red,biɾmel,enkəɾnad,vɛɾmej,bɾumaaj,bɾəmɛl,brumilu,venelu,,buɾmedʒu,veɾmej,bɾumedʒ,bɾumedʒu,bɾumedʒu,vleme,vɛmɛju,veme,veme,burmejʊ,burmeɟu,kɔɾa,koɾoɾa,kuluɾaw,kuleɾaw,kuluɾaw,huʒ,ɾuʒ,,ɣuʒ,ɣuz,wuʒ,wuʒ,wuʒ,ʀuz,ɣuz
right,mãwdɾet,laddɾet,laddɾet,mandɾetu,,dretu,dɾetu,dɾetu,diɾetɐ,dɾet,dɾet,dɾetu,dɾetu,dletu,dɛɛta,detu,detu,diɾejtɐ,,dɾetʃi,deɾetʃa,deɾetʃu,deɾetʃu,diɾetʃa,dhɛt,dɾwa,dʁɛt,dwat,dɣwat,dwɛt,dwet,dwɛt,dʀɛt,dɣwat
river,ɾʰibeɾ,ʀi,ɾi,ɾiiʋ,,riw,,ɾiu,ɾiw,ʀiw,ʀiw,ɾiw,ɾiw,jo,lubɛla,orjo,ojo,riw,,ɾiw,ɾio,riw,riju,riw,lahivje,ɾivjɛ,laʁivje,laɣivjɛ,laɣivjeɣ,laɣivjɛ,laɣivjɛ,larivjɛ,,laɣivjɛɛ
road,kami,kamiɲ,kamiŋ,kamiim,kamiɲə,rua,ɾua,kamiɲu,stɾadɐ,ʃtɾadɐ,ʃtɾadɐ,stɾadɐ,stɾadɐ,kamja,xamĩu,kumĩ,mɔdja,kɐmiɲu,kamiɲu,kaminda,kaje,kaminu,kaminu,kaminu,ʃimẽ,ʃmẽ,ʃimẽ,ʃemẽ,simẽ,ʃimɛ̃,ʃimɛ̃,ʃimɛ̃,semɛ̃,semɛ̃
root,ɾʰajs,ʀajz,ɾaiz,ɾɛzə,ɾoːt,rais,,ɾais,ɾɐis,ʀeiʃ,ʀeiʃ,ɾais,ɾais,lɛʒi,lɛze,rɛʒi,ndatʃi,ɾaiʃ,,ɾais,,reis,reis,reis,hasin,ɾasin,ʁasin,ɣasin,ɣasin,ɣasin,ɣasin,wsin,ʀasin,ɣasin
rope,kɔɾd,kɔɾd,kɔɾd,kɔɔɾda,kɔɾdə,kodra,koɾda,koɾda,kɔɾdɐ,kɔɾdɐ,kɔɾda,kɔɾdɐ,kɔɾdɐ,kɔdɔ,xɔɔdɔ,kwaa,kɔdɔ,kɔɾdɐ,korda,liɲa,,mikati,mikati,,kɔd,kɔɾd,kɔʁd,kɔd,lakoɣd,kɔd,kɔd,kɔd,kɔɔd,lakɔɔd
rotten,pod,pod,pod,poodɾi,apodɾə,podri,amiz,fedeɾ,podɾi,podɾ,podɾ,podɾi,podɾi,pɔdlɛ,,pode,,podɾi,,putɾi,,pudɾidu,bolok,bulug,puhi,puɾi,puʁi,puɣi,puɣi,puɣi,puɣi,puwi,,puɣi
round,gol,ɾɛdɔn,ɾɛdɔnd,ɾɔnt,ɾɛdondə,rədonu,,bulat,ɾodõdu,,,ɾudɔndu,,lɛ̃dɔ̃dɔ,lɔdɔ̃da,rɔdɔ̃dɔ,kɔ̃dɔgaɾu,rɨdõdu,rodondu,ɾondo,,redondu,redondu,ridondu,hõ,ɾõ,ʁõdi,,ɣõ,wɔ̃,wɔ̃,wɔ̃,ʀɔ̃,ɣɔ̃
rub,masa,iʃpɾega,,ɾusaa,ɾub,rusa,rusa̹,ɾusa,fɛɾgɐ,ʃfɾega,ʃfɾega,fɾega,fɾega,flɛga,fɛɛga,fɛga,fɛga,reia,ferga,fɾega,,,kuskus,kusu,fote,fɾote,fʁote,fɣote,fɣote,fwote,fwote,fote,,fɣote
salt,sal,sal,sal,saal,sal,sal,,sal,sɐl,sal,sal,sal,sal,salu,salu,usalu,θalu,saɫ,sal,salu,sa,sal,sal,sal,dʒisɛl,disɛl,sɛl,sɛl,disel,sɛl,sɛl,sel,sɛɛl,ɟisel
sand,ɾeti,aɾe,aɾej,aɾiija,baʀə,aria,,aɾia,ɾejɐ,eɾeɐ,aɾeɐ,aɾejɐ,aɾejɐ,alja,alɛa,arja,nθeke,rejɐ,ɾeɟa,santu,,aɾena,haɾena,aɾena,bãsab,sab,,sab,disab,sab,sab,sab,sab,ɟisab
say,hala,fala,dize,falaa,,fala,fala̜,fala,flɐ,dze,dze,fɾɐ,fɾɐ,fla,faa,fa,fa,fala,fala,bisa,abla,abla,bisa,abla,dʒi,di,di,di,diɣ,ɟi,ɟi,di,dii,ɟii
scratch,ɾʰãja,ʀaɲa,ɾaŋa,buɾaa,ɾaɲæ,raɲa,kusa̜,,kosɐ,kosa,kosa,kosɐ,kosa,fɔnɔ,kusa,ɲanu,kɔθa,raɲɐ,kosa,huɲa,,raska,raska,raska,ghate,gɾate,gʁate,gɣate,gɣate,gɣafijɛ̃,gɣafijɛ̃,kudgwif,ʀak,gɣate
sea,maɾ,maɾ,maɾ,maaɾa,maɾə,mar,maɾ,maɾ,maɾ,maɾ,maɾ,maɾ,maɾ,ɔmali,ɔmɛ,omwe,miõgɐ,maɾ,maɾ,laman,,plaja,lamaɾ,aplaja,lasulamɛ,lamɛɾ,lãmɛ,lãmɛ,lameɣ,lãmɛ,lãmɛ,lãmɛ,lamɛʀ,lãmɛɛ
see,,,,ojaa,,ola,ola̜,ola,ɔdʒɐ,oja,ojɐ,odʒɐ,odʒa,be,be,ve,be,ɔdʒa,woɟa,miɾa,mina,miɾa,miɾa,miɾa,wɛ,wa,wɛ,wɛ,tɣuve,wɛ,wɛ,wɛ,waa,waa
seed,simɛt,siment,simẽt,,fɾujtɛ,suminti,,sumenti,simẽti,smẽnt,smẽt,simẽti,simẽti,ʃimɛ̃tʃi,ʃimɛ̃tʃi,ʃimɛ̃tʃi,ikwe,simenti,garã,simia,simia,pipita,pipita,pipita,ghɛn,gɾẽn,gʁɛn,gɣẽn,lagɣen,gɣɛ̃n,gɣɛ̃n,gwɛ̃n,gʀɛ̃,lagɣɛ̃
sew,kudze,kuʃtɾa,,kuza,kuze,kuze,kostuɾa̹,kudʒi,kosi,kzɛ,kozɛ,koze,kozɛ,kloze,xoze,koze,koðe,kusi,kose,kose,,kusi,kuse,kuse,kud,koud,kud,kud,kud,kud,kud,kud,,kud
sharp,agud,agud,,aʋdu,agud,agudu,,agudu,moladu,molɔd,molɔd,fjadu,fjadu,mɔladu,xɔtadu,,,,,skɛɾpi,,agudu,agudu,pinu,fite,kupã,,file,fite,file,file,file,,fite
short,kuɾt,kuɾt,kuɾt,kuuɾtu,kuɾtə,kutru,bantu,kuɾtu,kuɾtu,kuɾt,kuɾt,kuɾtu,kuɾtu,kutu,kuutu,kutu,kutu,kuɾtu,kuɾtu,kɔɾtiku,koto,koɾtu,koɾtu,koɻtu,kut,kuɾt,kuʁt,kut,kuɣ,tupici,kut,kut,,kuut
sing,kata,kanta,kanta,kantaa,kantɛ,kanta,,kanta,kantɐ,kɐ̃ntaɾ,kãta,kãtɐ,kãtɐ,kɐ̃ta,xɐ̃nta,kɐ̃ta,kata,kãntɐ,kanta,kanta,kanda,kanta,kanta,kanta,ʃãnte,ʃãte,ʃãte,ʃãte,sãte,bajlavwa,ʃãte,ʃãte,,sãte
sit,sata,santa,sẽta,santaa,santɛ,santa,senta̜,santa,ʃĩtɐ,sẽnta,sẽta,sĩtɐ,sĩta,tasɔ̃,sẽta,tusɐ̃,taθɔ,sintɐ,sinta,sĩta,senta,sinta,sinta,sinta,asi,asit,asi,ʃita,asize,size,size,asid,asize,asize
skin,pɛl,pel,pɛl,pɛɛli,pæli,pɛli,pele,peli,pɛli,pel,pɛl,pɛli,pɛli,pɛli,pɛli,pɛli,pɛli,pɛlɪ,,kweɾu,pejeho,abilidad,piljehu,piʎehu,lapo,lapo,lapo,po,lapo,lapo,lapo,lapo,po,lapo
sky,sews,sɛw,sɛw,sɛɛʋ,heaven,sew,kɛu,seu,sɛw,sɛw,sɛw,sɛw,sɛw,ɔsɛ,ɔsɛ,ɔsɛ,ɔθɛ,sɛw,,ʃelu,sjelo,sjelu,sjelu,sjelu,siɛl,sjɛl,sjɛl,lesjɛl,lesjel,siel,sjɛl,sjɛl,,lesjel
sleep,duɾmi,duɾmi,duɾmi,dɾumii,dɾumi,durmi,duɾmi,dɾumi,dɾumi,duɾmi,duɾmi,dɾumi,duɾmi,dumini,dʒjuni,dimi,dumi,durmɪ,durmi,dɾumi,ndɾumi,duɾmi,duɾmi,duɻmi,dhɔmi,dɔɾmi,,dɔmi,doɣmiɣ,dɔmi,dɔmi,dɔmi,dɔɔmi,dɔɔmi
small,piken,piken,piken,pikiniim,piken,keninu,sajkɔ,peklinu,pikinɔti,peknin,pikinin,pikenu,pikinɔti,tʃɔkɔ,kete,tʃɔkɔlɔ,tʃɔ,pikininu,pikininu,tʃikitu,ndun,tʃikito,tʃikitiŋ,djutay,pitʃi,ti,ti,piti,ti,ci,ci,piti,ti,ci
smell,tʃeɾʋi,tʃeɾa,tʃeɾa,tʃeɾaa,tʃeɾə,tʃera,tʃeɾa̹,tʃeɾa,keɾɐ,tʃeɾɛ,tʃeɾɛ,tʃeɾɐ,tʃeɾɐ,sɛla,sɛla,sɛra,θɛla,tʃɛɾɐ,ceɾa,ole,hele,uli,ule,ule,sãntʃi,sãti,sãti,sãti,sãti,pɣãlodɛ,pɣãlodɛ,lɔde,,sãci
smoke,fum,fum,fum,fuumu,fumə,fumu,fumu,fuma,fumɐ,fum,fma,fumu,fumɐ,igligu,igogo,igigu,iligu,fumɐ,,huma,,puma,umu,umu,lafimi,bukãn,lafimẽ,lãfimẽ,lafime,lafimɛ̃,lafimɛ̃,lafime,fime,lafime
smooth,lidz,liz,,litʃiin,,,litʃiŋ,,lizu,lis,liz,lizu,lizu,,pɔtɔpɔtɔ,pɛtɛ,,,lisu,lizu,,lisu,rebalosu,lisu,lis,plõʒ,lis,lis,lis,lis,lis,lis,,maabɣe
snake,kɔb,kɔb,kɔb,koobeɾ,kɔbɾə,kobra,kobɾa,kobɾa,kɔbɾɐ,kobɾa,kɔbɾɐ,kobɾɐ,kobɾɐ,kɔblɔ,xobolo,kɔbɔ,kiõgo,kobra,kobɾa,kolebɾa,gwaddakamino,kulebɾa,kulebɾa,kulebɾa,seapã,sɛɾpã,seʁpã,sɛpã,seɣpã,sɛpã,sɛpã,sɛpã,,sɛɛpã
snow,bəɾəf,dʒel,,,ajs,,,nevi,nevi,nev,nɛv,nevi,nevi,,nɛvi,,,,,snew,,njebi,njebi,,,nɛʒ,,lanɛʒ,lanez,laglas,lanɛʒ,lãeʒ,,lãnɛz
some,angu,algũ,ãgu,aluŋ,,kalteŋ,kwantu,aluŋ,ɐlgũ,kziɲɐ,ũʃ,ũpoku,ũpoku,ũadosu,almidudʒi,,,aɫgũʃ,,algun,aggun,poku,pukitiŋ,algun,unde,kɛk,kɛk,kɛk,detɣwa,jɔ̃nde,jɔ̃nde,tibrɛ̃,,ɛ̃pe
spit,kuspi,kuspi,kuspi,kuspii,kuspi,kuspi,kuspi,pintʃakuspi,kuspi,kʃpi,kuʃpi,kuspi,guspi,kupi,,kupi,kupi,kuʃpi,,skupi,kupi,iskupi,iskuptja,iskupi,khaʃe,kɾaʃe,kʁaʃe,kɣaʃe,kɣase,kɣaʃe,kɣaʃe,kwaʃa,,kɣase
split,abɾi,abɾi,,,,fende,fende,fendi,pɐti,rɐtʃa,ʀɐtʃa,ɾɐtʃa,ɾɐtʃa,dividi,lasa,tɔlɔ,taja,dividi,,sepaɾa,ɾibiɾi,rumpi,paɾti,dividi,sepahe,fãn,sepaʁe,fãn,fan,fãn,fãn,fãn,,fãn
squeeze,ispərme,iʃprəme,,ispɾome,,bakwa,katʃipia̹,,spɾemi,ʃpreme,ʃpɾeme,spɾeme,spɾeme,pleme,peeta,peme,pɛta,peɾmi,mpeɾta,pɾimi,,ispɾimi,tʃaka,,sehe,kwẽse,seʁe,seɣe,seɣe,seɣe,seɣe,sewe,,pɣese
stab,fuɾa,fuɾa,fuɾa,fiɾi,tʃutʃɛ,fizga,fakia̹,,dɐ ku fakɐ,ʃfkja,dadfakɐ,dɐkufakɐ,dɐkufakɐ,dafaka,,,,puɲɛlɐ,,hinka,,,,sagsag,,pike,pike,futjunkudkuto,pwagnaɣde,pɛse,pice,pɔ̃jade,,pike
stand,ipetɛ,fikaimpe,ẽpe,impɛ,impɛ,impe,empe,empe,lɐbɐ̃tɐ,lvãnta,levɐ̃ta,sɐke,sɐke,mũdʒa,lããta,mũdja,lata,jɐ̃dɐ,sikidu,paɾa,ta,libanta,libanta,libanta,leve,kãpe,leve,kãpe,dibute,leve,leve,dubut,debute,ɟibut
star,istɾel,istɾel,istɾel,istɾɛɛla,ɪstɾɛlə,strela,estɾela,istɾela,stɾɛla,ʃtɾelɐ,ʃtɾela,stɾela,stɾela,ʃtlɛlɐ,tɛɛla,ʃtɛlɐ,tetẽbu,ʃtrelɐ,,stɾea,abaleŋga,estɾelja,estɾelja,istɾeʎa,zɛtwɛl,etwal,zetwɛl,etwal,zetwal,zetwɛl,zetwal,etwal,zetwal,zetwal
stick,paw,paw,paw,paaʋ,kanə,paw,pau,paw,pɔ,ʃpet,paw,po,po,pɔ,buudã,upa,pɔ,pɔ,po,palu,palo,kanja,palu,palitu,batõ,batõ,batõ,batõ,batõ,batɔ̃,bwa,batɔ̃,,batɔ̃
stone,pɛd,pɛd,pɛd,pɛɛdɾa,pædɾə,pedra,pedɾa,pedɾa,pɛdɾɐ,pɛdɾa,pɛdɾɐ,pedɾa,pedɾa,budu,budu,ubudu,budu,pɛdɾɐ,pedɾa,pjeda,pjedɾa,pjedɾa,pjedɾa,pjedɾa,hɔʃ,kaju,ʁɔʃ,ɣoʃ,ɣos,ɣoʃ,ɣoʃ,pjɛ,ʀɔs,ɣos
straight,dɾɛtuɾ,dɾet,dɾet,dɾeetu,dɾɛtə,stretu,,luɾus,ɾetu,ʀet,ʀet,ɾetu,ɾetu,dletu,deetu,deetu,deetu,diɾitu,,diɾɛkt,,deɾetʃu,deɾetʃu,deɾetʃu,dhɛt,dɾwat,dʁɛt,dwat,dɣwat,dwɛt,dwɛt,dwet,,tudɣwat
suck,mamada,tʃupa,,tʃupaa,tʃupɛ,tʃupa,tʃupa,tʃupa,tʃupɐ,tʃpa,tʃpa,tʃupɐ,tʃupa,supa,supa,supa,θupa,tʃupa,cupa,tʃupa,,tʃupa,mama,mama,suse,sise,suse,suse,suse,sise,sise,suse,,sise
sun,sɔl,sɔl,sɔl,sɔɔl,sɔl,sol,sɔl,,sol,sol,sol,sol,sol,sɔlɔ,sɔlɔ,usɔlu,θɔlɔ,sɔl,sol,solo,so,sol,sol,sol,solej,solej,solej,solɛj,solej,solɛj,solɛj,sɔlɛj,solɛj,solej
swell,itʃa,intʃa,ĩtʃa,intʃa,intʃə,fikaintʃadu,,,ĩtʃɐ,ĩtʃa,ĩtʃa,ĩtʃɐ,ĩtʃɐ,fuma,fuma,fuma,fuma,,,intʃa,,intʃa,intʃaw,intʃa,ghõfle,gõfle,gõfle,ãfle,ãfle,ãfle,ãfle,ãfle,,
swim,nada,nada,nada,nada,,nada,nada̹,nada,nadɐ,nɐda,nada,nɐdɐ,nadɐ,lɐ̃da,laanta,lɐ̃da,lɐ̃da,nadɐ,nada,landa,,nada,nada,nada,naʒe,naʒe,naʒe,naʒe,naze,naʒe,naʒe,naʒe,nazɛ,nazɛɛ
tail,ɾʰab,ʀab,ɾab,ɾaʋ,ɾabə,rabu,rabu,ɾabu,ɾabu,ʀɔb,ʀɔb,ɾabu,ɾabu,labu,labu,urabu,labu,,rabu,ɾabu,labo,rabu,rabu,rabu,laʃo,ke,tʃo,ke,lake,lace,lace,laʧe,lake,lake
that,akə,akel,ikəl,aka,akəl,ki,akuŋa,akelu,kel la,kel,kel,kella,kel,ke,ʃiki,ki,,kelɐ,kella,esei,ake,akel,kalja,akel,sa,sa,sa,sila,sa,sa,lotla,se,sa,sa
there,ali,ali,ali,alaa,ali,nali,ali,ala,la,la,la,la,la,ala,ala,la,la,la,la,aja,aja,alja,aji,aʎa,la,la,la,la,laba,la,la,la,,la
they,elo,elz,elz,etus,olot,olotu,olotɾu,dʒentiaka,es,eʃ,es,es,ezi,ine,ɛnɛ,inɛ,ɛnɛ,elis,ɟelus,nan,ane,ilus,lotɾu,sila,je,je,je,jo,zot,jo,jo,jo,zotla,zot
thick,gɾos,gɾos,gɾos,gɾoosu,gɾosə,grosu,gɾo̹so,tebal,gɾɔs,gɾos,gɾos,gɾɔs,gɾosu,glɔsu,gɔɔsu,gɔsu,nɛtaɾu,gɾɔs,gɾos,goɾdo,entutanaw,gɾwesu,gɾwesu,gɾwesu,pɛs,epe,epɛs,epe,epe,epe,epe,epe,,epe
thin,ɾʰal,ʀal,fin,finu,finə,finu,magɾu,magɾi,finu,fin,fin,finu,finu,dlɛgadu,dɛɛgadu,finu,mɐ̃gu,,dalgadu,delega,ɾeggao,pinu,plaku,pinu,mɛg,fẽ,mɛg,mẽs,mẽs,fɛ̃,fɛ̃,mɛ̃s,mɛg,mɛ̃s
think,ʋitʃaɾhedze,pensa,pẽsa,lembɾa,lembɾa,pensa,rena̜,lembɾa,pẽsɐ,pẽnsa,pẽsa,pẽsɐ,pẽsɐ,pɛ̃sa,pẽsa,pẽsa,pɛ̃θa,lẽbɾa,,pensa,pensa,pinsa,pensa,pensa,maʒine,ʒõŋgle,pãse,pãse,mazine,sɔ̃ʒe,sɔ̃ʒe,pãse,mazine,pãse
this,je,es,es,isti,isti,isti,istuŋa,esta,kel li,kelei,es,kelli,kelli,isaki,isala,,,ɛs,es,esaki,ese,este,esti,esti,sa,sa,sa,sa,sa,si,tala,sala,sa,sa
three,tɾej,tɾej,tɾej,tɾees,tɾesə,tres,tɾes,tɾes,tɾɛs,tɾeʃ,tɾeʃ,tɾes,tɾes,tleʃi,teeʃi,teeʃi,teeʃi,tɾes,tres,tɾes,tɾes,tɾes,tɾes,,thwa,tɾwa,tʁwa,,tɣwa,twa,twa,twa,tʀwa,tɣwa
throw,atɾa,atɾa,atəɾa,pintʃaa,,pintʃa,atiɾa̜,pintʃa,djɐ,ʀemesa,bta,botɐ,botɐ,zuga,zugwa,zuga,ðuga,mɐ̃da,bota,tiɾa,etʃa,buta,tiɾa,buta,ʒite,gaɾoche,,ʒəte,zete,laɟeatɛ,ʒete,ʒete,,zete
tie,mhaɾa,maʀa,aməɾa,maɾaa,maɾɛ,mara,maɾa̹,maɾa,maɾɐ,mɐʀa,maʀa,maɾɐ,maɾɐ,mala,mala,mara,maa,mara,,maɾa,mala,amara,maʰra,amaʰra,mahe,amaɾe,maʁe,maɾẽ,amaɣe,ljãne,maɣe,ataʃe,,ãmaɣe
tongue,liŋ,liŋ,liŋ,lingu,lingə,liŋgu,liŋgu,liŋgu,lĩgwɐ,lĩŋgɐ,lĩŋgɐ,lĩgwɐ,lĩgwɐ,lũgwa,lũŋga,lũgɛ,lũga,lĩgwɐ,,leŋa,leŋgwa,leŋgwa,leŋgwa,leŋgwa,laŋ,lalãŋg,laŋ,lãg,lalãŋ,lãg,laŋ,lãŋ,lãg,lalã
tooth,dɛ̃t,dent,dẽt,deenti,denti,denti,dente,denti,dẽti,dẽnt,dẽt,dẽti,dẽti,dẽtʃi,dẽntʃi,idɛ̃tʃɪ,detʃɪ,dĩti,dinti,dʒente,ɾjende,djenti,djenti,djenti,dã,dã,,dã,ledã,dã,dã,dã,dã,ledã
tree,alb,aɾʋ,aɾʋ,aalʋɾi,alʋɾi,albi,a̜ɾvɾe,albəɾ,aɾvi,aɾv,aɾv,aɾvi,aɾvi,aluvu,opa,upa,,arvorɪ,po,palu,palo,ponuo,ponu,ponu,pjebwa,bwa,bwa,pjebwa,pje,pjebwa,pjebwa,pjebwa,pje,pje
turn,ʋiɾahedze,ʋiɾa,ʋiɾa,ʋiɾa,ʋiɾə,bira,viɾa̜,biɾa,biɾɐ,vɾa,vɾa,biɾa,biɾa,bila,vla,vja,bila,viɾɐ,bida,biɾa,ɾia,biɾa,biɾa,biɾa,vihe,tuɾne,viʁe,tũnẽ,viɣe,tunɛ̃,tunɛ̃,tune,tuʀne,viɣe
two,doj,doj,doj,doos,dos,dos,do̹s,dos,dɔs,doj,doʃ,dos,dos,dosu,dosu,dosu,dosu,dos,dus,dos,ndo,dos,dos,dos,de,de,de,de,de,de,de,de,de,de
vomit,gumita,lansa,,gumitaa,gumtə,gumita,,,gumitɐ,vmita,vumita,vumitɐ,vomitɐ,ŋgumita,luza,gumita,ŋgumita,rɔbasa,,aɾoha,,bumita,gumita,gumita,vomi,vomi,vʁõmi,vomi,vomi,vɔ̃mi,vɔ̃mi,vɔ̃mi,,vomi
walk,maɾtʃa,maɾtʃa,ãda,matʃa,maɾtʃæ,anda,anda̜,maɾtʃa,ɐ̃dɐ,ãnda,ãda,ɐndɐ,ɐnda,ɐ̃dali,nda,nda,nda,jɐ̃dɐ,ɟenda,kana,kamina,kamina,kamina,kamina,maʃe,maɾʃe,maʃe,maʃe,maɣse,maʃe,maʃe,maʃe,maase,maase
warm,kɛ̃t,kent,kẽt,keenti,kenti,kenti,kente,kenti,kẽti,kẽnt,kẽt,kẽti,kẽti,kẽtʃi,kẽtʃi,kẽtʃi,ketʃi,kĩntɪ,cinti,kajente,mblaso,kaljenti,kaljenti,kaʎenti,ʃofe,ʃofe,ʃofe,ʃo,so,ʃo,ʃo,ʃo,so,so
wash,laʋa,laʋa,laʋa,laʋaa,ləʋə,laba,,limpa,labɐ,lɐva,lɐva,labɐ,labɐ,laba,laba,lava,laba,labɐ,laba,laba,laba,laba,laba,laba,lave,lave,lave,lave,lave,lave,lave,lave,lave,lave
water,ag,ag,ag,aaʋ,agə,agu,a̜gu,agu,agu,agɐ,agɐ,agu,agwa,awɐ,awa,awɐ,awɐ,jagʊ,ɟagu,awa,agwa,agwa,agwa,agwa,dlo,dolo,dlo,dlo,delo,dlo,dlo,dlo,dlo,ɟilo
we,nɔ,nɔs,nɔs,noos,nɔzə,nus,nos,nos,nu,nos,nɔs,nos,nos,nõ,nõ,nɔ̃,nɔ̃,anɔs,nos,nos,suto,niso,motɾu,kita,nu,nuzɔt,nu,nu,nu,nu,nu,nu,nu,nu
wet,muljad,muljad,mujad,mujaadu,muʎad,muladu,muladu,muladu,modʒadu,mojɔd,mojɔd,modʒadu,modʒadu,mɔ̃ɲadu,maadu,mwadu,miadu,mɔjadu,,muha,,muhaw,muhaw,muhaw,thãpe,tɾãp,muje,muje,muje,plɛ̃dlo,muje,muje,,imid
what,ki,ki,ki,ki,ki,ki,ki,ki,kusɛ,ke,kze,kuze,kuze,kwa,xa,kwa,kwaj,kal,ke,kiko,ke,kosa,kosa,kosa,ki,ki,kisa,ki,ki,kisa,kisa,ki,kosa,ki
when,kɔɾ,kwan,kwɔn,kijɔɔɾa,kiɔɾə,kantu,keloɾa,kioɾa,ɔɾɐ,kõnd,kɔ̃d,kitẽpu,kuãdu,ɔla,gɔla,kãnu,ɔla,,woca,kioɾa,kwandi,kwandu,kwandu,kwandu,kã,kã,kã,kã,kã,lɛ,lɛ,kile,kã,kã
where,un,un,ɔn,oondi,ɔndi,undi,unde,ondi,ũdi,õnd,ũd,ũdi,,ɐ̃dʒi,ana,,,nũdɛ,,unda,andi,dondi,dondi,dondi,kote,au,u,kikote,kot,kikote,kikote,kote,usa,kote
white,bɾak,bɾank,bɾãk,bɾaanku,bɾankə,braŋku,bɾanku,bɾaŋku,bɾɐ̃ku,brõŋk,bɾõk,bɾãku,bɾãku,blɐ̃ku,bɐ̃ɐ̃ŋku,bɐ̃ɐ̃ku,ubɐ̃ɐ̃ku,bɾɐ̃ku,braŋku,blanku,blanko,blaŋku,blaŋku,blaŋku,blã,blã,blã,blãʃ,blã,blã,blã,blã,blã,blã
who,kɛ̃,kẽ,kẽ,keem,kɛ̃,kɛŋ,kiŋ,kiŋ,keɲɐ,kẽ,kẽ,keɲɐ,keɲi,kẽ,keŋge,nĩge,ŋej,kĩ,ki,kẽ,kjen,kjen,kjen,kjen,kin,ki,ki,ki,ki,ki,kimun,kimunki,kisa,ki
wide,laɾg,laɾg,laɾg,laɾgu,laɾg,largu,la̜ɾgo,laɾgu,laɾgu,lɔɾg,lɔɾg,laɾgu,laɾgu,lalugu,bagabaga,lagu,,laɾgu,largu,antʃu,,antʃu,antʃu,antʃu,laʒ,laɾʒ,,laʒ,laɣz,laʒ,laʒ,laʒ,,laaz
wife,mulɛɾ,muʎɛɾ,mujɛɾ,mujeeɾa,muʎɛɾ,mule,muljeɾ,muleɾ,mudʒeɾ,mljeɾ,amdʒɛɾ,mudʒe,mudʒɛɾ,mwala,mjɛle,mjɛ,mẽgai,mindʒer,miɲɟer,esposa,muhe,muheɾ,muheɾ,isposa,fam,fam,madãmmaʁje,madãm,fam,madãm,madãm,madãm,fam,bɔ̃nfãm
wind,ʋɛ̃t,ʋent,ʋẽt,ʋɛɛntu,ʋæntə,bentu,ventu,bentu,bẽu,vẽnt,vẽt,bẽtu,bẽtu,vɛ̃tu,ɔvɛ̃tu,uvɛ̃tu,vɛ̃tu,vẽtʊ,,bjentu,,bjentu,bjentu,bjentu,vã,vã,vã,vã,divan,vã,vã,vã,,ɟivã
wing,adz,az,az,aasa,azə,aza,asa,,asɐ,aza,azɐ,aza,aza,azɐ,aza,azɐ,aðɐ,azɐ,ãsa,ala,ala,alas,alas,,zɛl,ɛl,zɛl,zɛl,lezel,zɛl,zɛl,zel,,lezel
wipe,lipakupan,limpakutɾap,lĩpa,limpaa,limpə,limpa,esfɾega̹,,lĩpɐ,lĩmpa,lĩpa,lĩpɐ,lĩpɐ,flɛga,,fɛga,,lĩmpɐ,limpa,baɾi,limpja,limpja,limpja,,fote,sije,fʁote,sije,suje,swije,swije,swije,,
with,ku,ku,ku,kum,,ku,ko,ka,ku,ma,ma,ku,ku,ku,ku,kõ,ku,ku,,ku,ku,kon,kon,kon,ke,avɛk,ke,ak,ek,epi,epi,evɛk,ɛk,avek
woman,mulɛɾ,muʎɛɾ,mujɛɾ,mujeeɾa,muʎɛɾ,mule,mulɛ,femi,mudʒeɾ,mieɾ,amdʒɛɾ,mudʒe,mudʒɛɾ,mwala,mjɛle,mjɛ,mẽgai,mindʒer,miɲɟer,muhɛ,muhe,muheɾ,muheɾ,muheɻ,fam,fam,fãm,fãm,fam,fãm,fãm,fãm,fam,fam
worm,bitʃ,bitʃ,bitʃ,biitʃi,,tʃatʃiŋ,bitʃu,mioka,bitʃu,lɐgaɾtɐ,lɐgaɾtɐ,bitʃu,bitʃu,bisu,bisu,bisu,biθu,bagabagɐ,,bitʃi,mahoho,bulati,bulati,gusanu,vɛ,vɛɾ,vɛ,vɛ,leveɣ,vɛ,vɛ,ve,,levɛɛdtɛɛ
year,an,an,an,aanu,anɛ,anu,anu,anu,anu,on,ɔn,anu,anu,ɐ̃nu,anu,anu,anu,anu,anu,aɲa,aɲo,anjo,anju,aɲu,ane,an,ã,ane,ane,lãne,lãne,zã,,lãnɛ̃
yellow,maɾɛl,maɾɛl,amɾɛl,maɾelo,maɾæl,marelu,maɾilu,maɾelu,maɾɛlu,meɾel,ɐmɐɾɛl,maɾelu,maɾelu,malɛlu,dɔladu,marɛlu,malɛlu,amaɾɛlʊ,,hel,amariw,amaɾilju,amaɾilju,amaɾiʎu,ʒɔn,ʒon,ʒɔn,ʒõn,zon,ʒɔ̃n,ʒɔ̃n,ʒɔn,zɔ̃,zɔ̃
you(plural,,,,botus,,bolotu,vosotɾu,vosotəɾ,ɲos,pseʃ,bzot,ɲos,ɲos,inɐ̃se,namsɛɛ,ɔwɔ,eθe,abɔs,bos,boso,enu,buso,tedi,kamo,u,to,u,u,twa,u,u,wu,twe,to
you(singular),use,use,use,bose,bosə,bos,vos,bos,bu,se,bo,bo,bo,bo,bo,tʃi,bo,abɔ,bo,bo,bo,tu,bus,bo,zɔt,vuzɔt,azɔt,zɔt,zot,zot,zot,zɔt,zot,u